ticker,quarter,date_parsed,word_count,sentence_count,avg_sentence_length,flesch_kincaid_grade,numeric_density,negative_count,uncertainty_count,litigious_count,forward_looking_count,word_count_zscore,sentence_count_zscore,avg_sentence_length_zscore,flesch_kincaid_grade_zscore,numeric_density_zscore,negative_count_zscore,uncertainty_count_zscore,litigious_count_zscore,forward_looking_count_zscore,excess_return_1d,excess_return_3d,excess_return_5d,y_1d,y_3d,y_5d
AAPL,2019-Q3,2019-07-30,8355,440,18.988636363636363,10.239787082498516,26.21184919210054,18,30,3,67,-0.5945752477039877,-1.6476693323244531,1.7220395013088332,1.7649000145955054,2.1250019184711024,-1.93239852732248,-2.063307982805864,-0.402182983321936,1.3478309598585034,0.0313446781624467,0.0041366896096414,-0.0134595180344728,0,0,1
AAPL,2020-Q1,2020-01-28,8267,459,18.010893246187365,10.00980806631596,24.43449860892706,27,38,3,67,-0.8360908115586906,-1.0617334467652226,0.6520874888716999,1.1836400020031412,1.5291995386550756,-1.268959250912037,-1.5064634187715105,-0.402182983321936,1.3478309598585034,0.0217582428406462,-0.0099630427253149,-0.002986724808626,0,1,0
AAPL,2020-Q2,2020-04-30,8278,442,18.72850678733032,10.225605885955115,16.79149553032133,51,55,1,70,-0.8059013660768527,-1.5859918706866394,1.4373776523057482,1.7290577772548223,-1.0328832976100102,0.5002121528491431,-0.323168720198509,-1.653418931434626,1.6099092020532122,0.0103742639542214,0.0275661786033012,0.0434720340341957,0,0,0
AAPL,2020-Q3,2020-07-30,8109,468,17.326923076923077,9.551079628470053,21.211000123319767,36,66,6,56,-1.2697210284796343,-0.7841848693950608,-0.0963864671103687,0.0242277130701057,0.4486203399080348,-0.6055199745015944,0.4424925553487272,1.474670938847099,0.3868774051445705,0.096786564531335,0.1212579395899765,0.1521309722515822,0,0,0
AAPL,2020-Q4,2020-10-29,8970,494,18.157894736842103,9.559400092994975,19.175027870680047,40,49,5,55,1.0932892042351288,0.0176221318965177,0.8129523806314756,0.0452572547857417,-0.2338770384067433,-0.3106580738747311,-0.7408021432242743,0.849052964790754,0.2995179910796675,-0.0455933098280656,-0.0606512384871264,-0.0292265598921155,1,1,1
AAPL,2021-Q1,2021-01-27,9062,500,18.124,9.434865431988374,18.09755020966674,38,74,2,31,1.3457827482650455,0.2026545168099589,0.7758611025155429,-0.2694976294921477,-0.5950684435847254,-0.4580890241881628,0.9993371193830808,-1.0278009573782811,-1.797107946478004,-0.0435855855509266,-0.0606123587320416,-0.0770303801583354,1,1,1
AAPL,2021-Q2,2021-04-28,8835,518,17.055984555984555,9.272368888857525,19.015280135823428,42,60,2,50,0.7227823733216642,0.7577516715502826,-0.3928766295584141,-0.6801991981582062,-0.2874275767748417,-0.1632271235612994,0.024859132322962,-1.0278009573782811,-0.1372790792448473,-0.0071215227816156,-0.009702467398292,-0.0370710334880641,1,1,1
AAPL,2021-Q3,2021-07-27,8962,520,17.234615384615385,9.42221228545619,17.629993305065835,39,73,3,44,1.0713332438847012,0.8194291331880963,-0.1973995035464903,-0.301477799834263,-0.7518025843321526,-0.3843735490314469,0.9297315488787868,-0.402182983321936,-0.6614355636342653,-0.0117858271972864,-0.0050615406378143,-0.0008550729510478,1,0,0
AAPL,2021-Q4,2021-10-28,9226,541,17.053604436229204,9.183584627717584,16.583568176891394,44,62,6,54,1.7958799354488095,1.4670424803851403,-0.3954812133970848,-0.9045968045347852,-1.1025845783675798,-0.0157961732478677,0.1640702733315504,1.474670938847099,0.2121585770147645,-0.0201846468822052,-0.0245247942204094,-0.0292951228002726,1,1,1
AAPL,2022-Q1,2022-01-27,8468,513,16.50682261208577,8.930139315990548,17.83183750590458,42,66,4,42,-0.2844473077541988,0.6035580174557482,-0.9938288802491918,-1.545166659694922,-0.6841404942806419,-0.1632271235612994,0.4424925553487272,0.2234349907344089,-0.8361543917640712,0.0449419328255297,0.0463152098618922,0.0503003116444156,0,0,0
AAPL,2022-Q2,2022-04-28,8564,507,16.891518737672584,9.347075978232231,20.551144325081736,55,73,4,46,-0.0209757835490684,0.418525632542307,-0.5728528729495546,-0.4913809119011166,0.2274238811746879,0.7950740534760065,0.9297315488787868,0.2234349907344089,-0.4867167355044593,0.0003507862232268,0.00129579922303,-0.0092575259647436,0,0,1
AAPL,2022-Q3,2022-07-28,8247,468,17.621794871794872,9.835649514324356,16.975870013338184,70,78,5,53,-0.8909807124347594,-0.7841848693950608,0.2262940659494658,0.7434633119552573,-0.9710773957250536,1.900806180826744,1.2777594014002578,0.849052964790754,0.1247991629498615,0.0182140791711036,0.0120043692571425,0.0338183075945058,0,0,0
AAPL,2022-Q4,2022-10-27,8286,509,16.278978388998034,9.327036998777404,22.93024378469708,56,65,5,36,-0.7839454057264252,0.4802030941801207,-1.2431606123415069,-0.5420283911520293,1.0249441527954564,0.8687895286327223,0.372886984844433,0.849052964790754,-1.360310876153489,0.0517616154084241,0.0284528293110101,-0.0172774733887119,0,0,1
AAPL,2023-Q1,2023-02-02,8374,529,15.829867674858225,9.242299237699555,20.77860042990208,61,46,2,51,-0.5424298418717224,1.096977710558258,-1.7346260124301294,-0.7561986788971576,0.3036715780773847,1.2373669044163016,-0.9496188547371568,-1.0278009573782811,-0.0499196651799443,0.0350286635126109,0.0292095755948582,0.0235811239170901,0,0,0
ABNB,2021-Q2,2021-08-12,10453,594,17.597643097643097,8.641235024148145,9.279632641346982,23,87,0,48,-0.9671439737580202,-1.985751856818087,1.333033986567103,1.1556666615954472,-1.5159173901080287,-1.1774246154376091,-0.3067484771701002,-0.8475793795260129,0.3009646327144225,0.0088318967684072,-0.0455615688949981,-0.0444405924333165,0,1,1
ABNB,2021-Q3,2021-11-04,10402,676,15.387573964497042,7.830673419107583,12.882138050374929,22,92,3,40,-1.0713136520297393,0.3348892680144529,-1.293658653795071,-1.6269173309141622,0.1922268380381282,-1.301364048641568,0.0933582321822049,0.6780635036208102,-1.1436656043148077,0.1263706827424729,0.0899433118453012,0.0804714275649989,0,0,0
ABNB,2021-Q4,2022-02-15,11284,689,16.37735849056604,8.281164025890149,11.875221552640909,34,79,0,42,0.7302090192576394,0.7027957878049776,-0.1172883352481256,-0.0804242039094846,-0.2852071720591954,0.1859091498059383,-0.9469192121337884,-0.8475793795260129,-0.7825080450575002,0.0353649938371556,-0.0021026107237159,-0.1126327031446862,0,0,1
ABNB,2022-Q1,2022-05-03,11304,686,16.47813411078717,8.176850211310288,13.446567586694975,41,77,1,54,0.7710598734818429,0.6178942832379335,0.0024846510321578,-0.4385240063705338,0.4598536547097087,1.0534851822336504,-1.1069618958747105,-0.3390317518104052,1.3844373104863452,0.0466505293277058,-0.0510681724377584,-0.1575787929541499,0,1,1
ABNB,2022-Q2,2022-08-02,10614,673,15.771173848439824,8.330746245760917,15.639721123045035,37,109,1,43,-0.6382945972531813,0.2499877634474088,-0.837745769946972,0.0897870304587981,1.4997473201478184,0.5577274494178149,1.4537210439800423,-0.3390317518104052,-0.6019292654288464,-0.0270054487080402,-0.0066392683524596,-0.0243938236732267,1,1,1
ABNB,2022-Q3,2022-11-01,11502,667,17.244377811094452,8.566879766216953,11.737089201877934,38,101,5,51,1.1754833303014585,0.0801847543133205,0.913174121390914,0.9004118491399477,-0.3507032507284287,0.6816668826217738,0.8135503090163542,1.6951587590520256,0.8427009716003839,-0.1091543033052885,-0.0975974940801036,-0.0865230217724987,1,1,1
AMZN,2020-Q2,2020-07-30,6239,362,17.234806629834253,9.154537877459152,9.616925789389326,29,74,5,34,-0.1391469744114934,0.6289377015241929,-1.1464872043114398,-1.7273929000968784,-1.6326209859765384,-0.2404814448168609,1.392888681268506,0.4827976027072381,-0.6874628859001182,0.0290587029525108,0.0096611717687053,0.0247157737911635,0,0,0
AMZN,2020-Q4,2021-02-02,6738,349,19.30659025787965,9.917817503981532,17.661027010982487,24,56,3,40,0.5490030774352409,0.1670060563369323,0.9161445079410988,0.2605935402977672,0.8218411294270547,-0.9919859598695506,-0.0906613934553466,-0.3218650684714919,0.0116519133203411,-0.0207477076143075,-0.024384342994977,-0.0449913248282941,1,1,1
AMZN,2021-Q1,2021-04-29,5657,302,18.7317880794702,10.012013640639136,14.49531553827117,17,45,2,29,-0.941758858529328,-1.5030545070323948,0.3438814658889083,0.5059304206571544,-0.1440988387586695,-2.044092280943316,-0.997275328008812,-0.724196404060857,-1.2700585519171674,0.0054499993855659,-0.0353608767066734,-0.0451584261941844,0,1,1
AMZN,2021-Q2,2021-07-29,6248,340,18.376470588235293,9.413444081336236,16.48527528809219,27,56,5,34,-0.1267354504302898,-0.1527927749465558,-0.0098664426369284,-1.0530633297050158,0.463089047440798,-0.5410832508379367,-0.0906613934553466,0.4827976027072381,-0.6874628859001182,-0.0707925512614554,-0.0660473135923891,-0.0647232975355604,1,1,1
AMZN,2021-Q3,2021-10-28,7088,378,18.75132275132275,9.83841379594189,12.697516930022571,33,45,3,38,1.0316734544820485,1.1974689571392831,0.3633298451048073,0.0537840180535159,-0.6926534197510691,0.3607221672252908,-0.997275328008812,-0.3218650684714919,-0.2213863530864786,-0.0235404644531382,-0.0466382953778389,-0.0099135185176578,1,1,1
AMZN,2021-Q4,2022-02-03,6812,377,18.06896551724138,9.7466235159417,15.854374633000589,35,54,2,36,0.6510533857251374,1.16193575366334,-0.3160131379406773,-0.1852867309350328,0.2705850356378537,0.6613239732463667,-0.2555002906468858,-0.724196404060857,-0.4544246194932984,0.1306567563529839,0.1528224374601036,0.1390923545764111,0,0,0
AMZN,2022-Q1,2022-04-28,5838,329,17.74468085106383,9.626380858132473,20.212401507365534,38,62,2,56,-0.6921493206851217,-0.5436580131819303,-0.6388653060920836,-0.4984626169086525,1.6003310900915304,1.1122266822779805,0.4038552981192708,-0.724196404060857,1.8759580445748991,-0.103538834206626,-0.113970602664419,-0.1622280369390582,1,1,1
AMZN,2022-Q2,2022-07-28,5956,329,18.103343465045597,10.252639510772664,17.797179314976493,35,51,4,53,-0.5294204507093409,-0.5436580131819303,-0.2817870515949567,1.1326482713786554,0.8633846981704644,0.6613239732463667,-0.5027586364341946,0.080466267117873,1.5264006449646697,0.0890358208782371,0.0922533594650494,0.1459833969286253,0,0,0
AMZN,2022-Q3,2022-10-27,5208,305,17.075409836065575,9.736348849892533,13.82488479262673,30,47,2,36,-1.5609559993693756,-1.3964548966045651,-1.3051798772373449,-0.2120474305208326,-0.34866449760056,-0.0901805418063229,-0.8324364308172729,-0.724196404060857,-0.4544246194932984,-0.0918332165934527,-0.1396514126130422,-0.1715988740790781,1,1,1
AMZN,2022-Q4,2023-02-02,7615,372,20.47043010752688,10.479416689401912,11.03086014445174,38,81,10,43,1.7584371364925275,0.9842697362836242,2.074843200878634,1.72329675777931,-1.2011932586808625,1.1122266822779805,1.969824821438893,2.4944542806540637,0.3612093129305708,-0.0736860488015048,-0.0918364342942876,-0.1066768231197628,1,1,1
BA,2019-Q2,2019-07-24,12792,618,20.699029126213592,11.72978875157197,20.55972482801751,60,98,34,141,1.5485650645636422,-0.3422473893646079,2.358753918501872,2.103164564484657,-0.3432953563817743,-0.0542077085454492,0.9199678637924764,2.447216096329287,1.5129675346489582,-0.0321318870340363,-0.0587776132198302,-0.0427246961940838,1,1,1
BA,2021-Q1,2021-04-28,12222,686,17.816326530612244,10.11517307533881,17.263950253640978,62,79,15,135,1.167752122652349,0.8755165774443475,0.7662004699199992,0.7379724201763996,-1.4508052388693229,0.108415417090899,-0.4132059049237391,-0.1044543455750306,1.2646385168038403,-0.0043342666907811,-0.0030633517355437,-0.0269652067668876,1,0,1
BA,2021-Q2,2021-07-28,12194,761,16.02365308804205,9.386134031530425,18.12366737739872,46,112,16,128,1.1490455219970577,2.2186385996601072,-0.2241647094441755,0.1215542903690896,-1.1619064719123666,-1.1925695879998877,1.9023064302149515,0.0298440987357229,0.9749213293178698,-0.0038882362820746,-0.0240775926468619,-0.0216744159682423,1,1,1
BA,2021-Q3,2021-10-27,9731,592,16.4375,9.820050314932391,24.25238927140068,42,88,16,105,-0.4964672427880563,-0.807863023732738,0.0044656486889381,0.4884398038120157,0.8975851320936515,-1.5178158392725842,0.2182974592049946,0.0298440987357229,0.0229934275782517,-0.0036472363898728,0.0251371134363248,0.0090193648381079,1,0,0
BA,2021-Q4,2022-01-26,9691,619,15.65589660743134,8.817728465158773,22.598287070477763,75,85,11,91,-0.5231909580099015,-0.3243390957350645,-0.4273323384353105,-0.3590447930003995,0.3417417353974181,1.1654657337271632,0.00779633782875,-0.6416481228180448,-0.5564409473936898,-0.0183284955709136,-0.0074116491539529,0.0128946037003799,1,1,0
BA,2022-Q1,2022-04-27,9867,639,15.44131455399061,8.596738699937795,21.587108543630283,72,69,16,89,-0.4056066110337828,0.0338267768558047,-0.5458785213583284,-0.5458963737778416,0.001945979902024,0.9215310452726408,-1.114876309511221,0.0298440987357229,-0.6392172866753957,-0.0268131800581071,-0.0311875967957475,-0.0120048520604298,1,1,1
BA,2022-Q2,2022-07-27,9448,604,15.642384105960264,8.557866171603703,23.708721422523286,61,89,7,85,-0.6855375279826106,-0.5929635001782164,-0.4347973404960734,-0.5787639292538976,0.7148913519717618,0.0271038542727249,0.2884644996637427,-1.178841900061059,-0.8047699652388075,0.0066772469362813,0.0588951628295201,0.0341510679276603,0,0,0
BA,2022-Q3,2022-10-26,8660,579,14.956822107081177,8.31765108602086,19.7459584295612,76,78,13,75,-1.2119947178529595,-1.040670840916803,-0.8135371130961053,-0.7818709302630199,-0.6167528723580172,1.2467772965453374,-0.4833729453824873,-0.3730512341965378,-1.218651661647337,0.0499620061312039,0.0542089053799633,0.1205175494721354,0,0,0
BA,2022-Q4,2023-01-25,9662,636,15.19182389937107,7.8402130090412925,26.392051335127302,52,66,14,91,-0.5425656515457391,-0.0198981040328256,-0.683710014280828,-1.1855550525470044,1.616595740156619,-0.7047002110908426,-1.3253774308874655,-0.2387527898857842,-0.5564409473936898,-0.0107550349666728,-0.0147520000798787,-0.0163692420847381,1,1,1
BYND,2020-Q4,2021-02-25,13121,778,16.86503856041131,9.323914310197086,24.617026141300205,78,94,4,63,1.579247093884638,2.0460443639251533,-1.4298967230424091,-1.4116427841942252,1.3448948403355931,0.1165735734348067,0.6482995193050903,-0.762706965541453,-0.74611449955767,0.0171874089508871,-0.0394637161267839,-0.0362659272024322,0,1,1
BYND,2021-Q1,2021-05-06,11651,644,18.091614906832294,9.848806358561289,23.08814694017681,55,74,5,70,0.3182513154976646,0.3025153034102373,-0.1359873356305934,-0.3660032936762908,0.8379029390378677,-0.8584054043835772,-0.9981754503586312,-0.4415671905766307,-0.438890882092747,-0.0771283934290651,-0.0673679669059479,-0.1262023446934907,1,1,1
BYND,2021-Q2,2021-08-05,11773,658,17.89209726443769,9.68665436387321,19.451286842775843,59,98,3,63,0.4229053869012094,0.4846750560013479,-0.3464575205497231,-0.6890269128004703,-0.3681168787347266,-0.6888438430238583,0.9775945132378346,-1.0838467405062753,-0.74611449955767,0.0152577358741851,0.0374018489921321,0.0139238131838557,0,0,0
BYND,2021-Q3,2021-11-10,11369,619,18.366720516962843,10.203100089904574,21.110036062978278,107,104,9,73,0.0763460029091432,-0.0227699690738888,0.154220226675841,0.3397866261558394,0.1819412424749917,1.3458948932927692,1.471537004136951,0.8429919092826585,-0.3072236174649229,-0.1331558097170711,-0.1210460567061152,-0.1580347539886094,1,1,1
BYND,2021-Q4,2022-02-24,10941,594,18.41919191919192,10.405174822283122,21.935837674801206,72,76,10,99,-0.2908010672606693,-0.348055241558015,0.209572052196502,0.7423404862673627,0.4557854604911693,-0.1377687686047716,-0.833527953392259,1.164131684247481,0.8338926759762194,-0.1141047273529356,-0.0361674749144642,-0.0701579535164279,1,1,1
BYND,2022-Q1,2022-05-11,10233,549,18.639344262295083,9.835561515489944,19.64233362650249,48,71,5,71,-0.8981378095041911,-0.933568732029442,0.4418096819478585,-0.3923883970594939,-0.3047638211176042,-1.1551381367630853,-1.2451466958081894,-0.4415671905766307,-0.3950017938834723,-0.0406065897023712,0.0221978545308141,0.0118190221630754,1,0,0
BYND,2022-Q2,2022-08-04,9247,531,17.41431261770245,9.97663281773104,20.114631772466748,70,82,4,72,-1.74394858330661,-1.1677741282180127,-0.8504702070619279,-0.1113597073283582,-0.1481449497078406,-0.2225495492846311,-0.3395854624931426,-0.762706965541453,-0.3511127056741976,0.2205495286118661,0.187121008675225,0.153835771853482,0,0,0
BYND,2022-Q3,2022-11-09,11905,593,20.075885328836424,10.980422681122995,14.531709365812684,113,90,11,129,0.5361376608788151,-0.36106665245738,1.9572098254644523,1.8882939826356293,-1.9994988327794487,1.6002372353323475,0.3190045253723461,1.485271459212303,2.1505653222544607,0.1463995070267975,0.2586174347575659,0.1689025314264935,0,0,0
COST,2020-Q1,2019-12-12,11148,565,19.730973451327436,9.411131543779533,24.040186580552565,40,94,2,52,0.5763941973606201,-1.9323616536216388,2.6923706099945064,2.5053579250145503,-1.1576904062317546,-1.526474100760034,0.4603664389346512,-1.710731809903492,1.9956726611010576,-0.0189953496837496,-0.0137141273677251,-0.0240959610223552,1,1,1
COST,2020-Q2,2020-03-05,11490,705,16.29787234042553,8.226379377457665,23.237597911227155,58,88,7,41,1.0150386466203714,0.6589279202004827,0.1881237736857355,0.2088813127633214,-1.341654037172093,0.493859267892952,0.0541607575217235,0.6010679332093349,0.4605398448694746,0.002533292529549,0.0262774354473903,0.0659676176188008,0,0,0
COST,2021-Q2,2021-03-04,10473,708,14.792372881355933,7.902089114906534,36.85667907953786,58,90,8,44,-0.2893514261783627,0.7144555539252425,-0.9100501908000246,-0.4197100709026179,1.7800142812947934,0.493859267892952,0.1895626513260327,1.0634278818319003,0.8792124311144518,-0.023787864449296,-0.0286088790696926,-0.0145556454832786,1,1,1
COST,2021-Q3,2021-05-27,11821,727,16.25997248968363,8.383043829394719,29.100752897386005,49,101,9,42,1.4395746486817096,1.0661305675153876,0.1604780451589555,0.5125534731287655,0.0022563882346377,-0.516307416433541,0.9342730672497336,1.5257878304544656,0.6000973736178004,-0.0256082396914073,-0.0203127365542475,-0.0078427749140685,1,1,1
COST,2021-Q4,2021-09-23,9258,601,15.40432612312812,7.917245040709346,29.27198098941456,45,66,5,33,-1.847693548548532,-1.266030048924522,-0.4636660266953142,-0.3903324254063214,0.0415040660707026,-0.9652703872453156,-1.435260074325678,-0.3236519640357958,-0.6559203851171315,0.0314150969736606,0.009353008175898,0.0241047384422997,0,0,0
COST,2022-Q1,2021-12-09,11364,718,15.827298050139277,8.018866275875887,27.80711017247448,52,114,7,36,0.8534327968930946,0.8995476663411084,-0.1551326989988148,-0.1933538534299097,-0.2942631390274491,-0.17958518832471,1.814385376977744,0.6010679332093349,-0.2372477988721541,0.0563658930684509,0.0464819621498364,0.053759308926514,0,0,0
COST,2022-Q2,2022-03-03,10821,705,15.348936170212768,7.895031316879855,35.5789668237686,60,92,5,35,0.1569885397350684,0.6589279202004827,-0.5040697636872393,-0.433390626687192,1.487146222160778,0.7183407532988393,0.324964545130342,-0.3236519640357958,-0.3768053276204799,-0.0060391675165124,0.0264838623504725,0.0228594468279464,1,0,0
COST,2022-Q3,2022-05-26,9997,642,15.571651090342678,8.18469851787387,26.607982394718416,44,84,3,36,-0.899862414036964,-0.5071523880194719,-0.3416122315268855,0.1280887875975901,-0.5691186265125142,-1.0775111299482594,-0.2166430300868949,-1.2483718612809267,-0.2372477988721541,-0.0121402562181708,-0.0277645527299125,0.0113118957207786,1,1,0
COST,2022-Q4,2022-09-22,10313,669,15.415545590433483,7.654713136828239,28.41074372151653,65,68,5,28,-0.4945652036098253,-0.0074036844966342,-0.4554820802874137,-0.8992138559459125,-0.1559025769072345,1.2795444668135576,-1.299858180521369,-0.3236519640357958,-1.3537080288587602,-0.0258791998544972,0.0107596719378337,0.0137319657522874,1,0,0
COST,2023-Q1,2022-12-08,10301,654,15.750764525993883,7.592977035598729,29.9970876613921,65,75,6,30,-0.5099562369171851,-0.2850418531204329,-0.2109594368435129,-1.0188806661322949,0.2077078280901348,1.2795444668135576,-0.8259515522062866,0.1387079845867695,-1.0745929713621087,0.0107935394435303,-0.0003779364549309,-0.019689876360434,0,0,1
CVX,2020-Q4,2021-01-29,11453,725,15.797241379310345,8.559726052916353,13.70819872522483,82,91,10,86,1.705649033327461,1.911949268974908,-0.6203574302813453,-0.5222809163339471,-0.0100239121968252,1.8762333001649996,0.9927774215608204,-0.1304171741330692,-0.7967902076882185,-0.0024433405464122,0.0123001054411038,-1.3936767153693852e-05,0,0,0
CVX,2021-Q1,2021-04-30,9348,615,15.2,8.26140603971903,13.906718014548566,50,54,13,82,-0.6208639847540588,0.1738135699068098,-1.1842883415426997,-1.162747393858126,0.0722135180966893,0.1849807479035914,-1.4560735516225367,0.3912515223992076,-0.9929231818883952,0.0217103312764429,0.0608600057319538,0.0558794075263788,0,0,0
CVX,2021-Q2,2021-07-30,9180,564,16.27659574468085,9.198222756043624,17.755991285403052,18,66,2,115,-0.806542933465553,-0.632049345115672,-0.1677385169825909,0.8485145927566046,1.6667907673450617,-1.5062718043578165,-0.6618516143738803,-1.5215336982191408,0.6251738552630637,0.0003301222835884,-0.0159030529502081,-0.0077011761712035,0,1,1
CVX,2021-Q3,2021-10-29,10891,587,18.55366269165247,9.4901960945598,13.497383160407676,35,87,9,143,1.08450874061401,-0.2686209716741606,1.982327575041404,1.4753553254524017,-0.09735512507542,-0.6077938859689435,0.7280367758112684,-0.3043067396438281,1.9981046746643016,-0.0013707521500401,-0.0248374092747477,-0.0180231363031751,0,1,1
CVX,2021-Q4,2022-01-28,9227,558,16.53584229390681,8.768847660718375,16.47339330226509,59,80,22,92,-0.7545970370998374,-0.7268567468830228,0.0770488467382146,-0.0733154644768415,1.1354692892548262,0.6606455282271124,0.2647406457495521,1.956257611996038,-0.5025907463879532,-0.0124985610410615,0.0019050191329344,0.0250759202124698,1,0,0
CVX,2022-Q1,2022-04-29,9947,636,15.63993710691824,8.134926058661172,11.259676284306826,46,94,7,87,0.0411698859494235,0.5056394760925377,-0.7688882333174966,-1.4342886393724534,-1.0243343816884414,-0.0264258211290844,1.191332905872985,-0.652085870665346,-0.7477569641381743,0.0136396990454842,0.0282930246963708,0.0910894108214711,0,0,0
CVX,2022-Q2,2022-07-29,10286,630,16.326984126984126,9.070082691759342,12.638537818393932,35,58,10,111,0.4158434788851172,0.4108320743251868,-0.120160490185312,0.5734092965269786,-0.4531353325674292,-0.6077938859689435,-1.191332905872985,-0.1304171741330692,0.4290408810628869,-0.0170045892307825,-0.057381382510672,-0.0655047672963315,1,1,1
CVX,2022-Q3,2022-10-28,8946,517,17.3036750483559,8.940568187091756,10.619271182651463,47,78,13,102,-1.0651671834565628,-1.3747073256265867,0.802056590529837,0.2953531993053985,-1.2896248231684622,0.0264258211290844,0.132370322874776,0.3912515223992076,-0.012258310887511,0.0123353313715942,0.0281503136544195,0.0516824417771142,0,0,0
ETSY,2020-Q2,2020-08-05,10232,491,20.83910386965377,10.209126467931164,19.155590304925724,28,95,7,58,0.5319430037014758,-1.3557634104067948,1.622659548528209,1.3838849633198516,-1.519126071736429,0.4340185399533711,1.6605351695102184,0.2738612787525829,-0.6620516813167399,-0.0425464572237291,-0.016321772877076,-0.1154441119387441,1,1,1
ETSY,2020-Q4,2021-02-25,10416,569,18.305799648506152,9.545539847218937,25.537634408602152,26,80,9,53,1.0638860074029517,0.9233216329494562,-0.3480260516275117,-1.4169545753728472,0.8702730262145353,-0.048224282217041,0.2290393337255478,1.18673220792786,-1.1959643275399168,0.1199922260157222,0.195740079573359,0.0173572568112039,0,0,0
ETSY,2021-Q1,2021-05-05,10096,532,18.97744360902256,9.922688868886777,23.177496038034867,21,71,6,64,0.1387677400960371,-0.1577828106938936,0.1744532741368576,0.1749007437304731,-0.0133486476664641,-1.2538313376430714,-0.6298581677452545,-0.1825741858350555,-0.0213565058489273,-0.1536756406579074,-0.0997574610667657,-0.1118254562980684,1,1,1
ETSY,2021-Q2,2021-08-04,9496,522,18.191570881226053,9.896435487570486,25.69502948609941,32,71,3,69,-1.5958290111044275,-0.449973200867772,-0.4368858833537046,0.0640915349249627,0.92920080077774,1.3985041842941954,-0.6298581677452545,-1.5518805795979709,0.5125561403742497,-0.1037599949451211,-0.1011887090575001,-0.0512118657264671,1,1,1
ETSY,2021-Q3,2021-11-03,10000,573,17.452006980802793,9.832462593350524,22.5,24,71,7,77,-0.1387677400960371,1.0401977890190075,-1.0122008876838504,-0.2059226666024327,-0.2669991075893808,-0.5304671043874531,-0.6298581677452545,0.2738612787525829,1.3668163743313329,0.1273713935629999,0.0795810667861891,0.039759473860697,0,0,0
FDX,2019-Q4,2019-06-25,9966,448,22.245535714285715,12.118024581038323,12.743327312863736,86,79,32,122,0.2545999054397121,-1.653431889566788,1.837070836080801,1.5479089051184367,-1.283512314408486,1.106443529620988,0.5589174880355088,2.932852880091356,0.4082159974492215,0.0262573098343381,0.0449308758425264,0.0049255243205168,0,0,0
FDX,2020-Q1,2019-09-17,9579,493,19.430020283975654,10.963832069070907,14.615304311514771,77,70,15,115,-0.5283414908116248,-0.6178241214762403,0.2231020846059843,0.1592763638932495,-0.5288013971109039,0.6585061837190656,-0.5494443102721964,0.7650920556760059,0.0577664147333806,-0.129795934553271,-0.1372928003900769,-0.1611568489894097,1,1,1
FDX,2020-Q2,2019-12-17,9707,477,20.350104821802937,11.45769779311081,15.864839806325332,72,69,13,105,-0.2693841297775909,-0.986040216797324,0.7505322228968064,0.7534562847355262,-0.0250355494728562,0.409652102662442,-0.6725956211952747,0.5100613704506706,-0.442875846289249,-0.1003508654551546,-0.1011332174489195,-0.0864094238370801,1,1,1
FDX,2020-Q3,2020-03-17,9652,512,18.8515625,10.50601084785377,11.500207210940737,81,90,8,80,-0.3806548708469024,-0.1805675082824536,-0.108493607370482,-0.3915376807775935,-1.7846917162437896,0.8575894485643644,1.9135819081893708,-0.1275153426126676,-1.6944814988458234,0.1003379838336375,0.259159653825685,0.2966277948612323,0,0,0
FDX,2020-Q4,2020-06-30,9726,504,19.297619047619047,11.177484367924198,13.674686407567345,55,79,5,79,-0.2309451464991015,-0.3646755559429954,0.1472042735566348,0.4163258002905837,-0.9080232580772774,-0.4364517729300781,0.5589174880355088,-0.5100613704506706,-1.7445457249480862,0.1102383959669502,0.0862811837894175,0.1054338357242548,0,0,0
FDX,2021-Q3,2021-03-18,9735,524,18.57824427480916,10.559177922385633,19.82537236774525,23,80,7,114,-0.212737207051396,0.095594563208359,-0.2651708075440896,-0.327571289511684,1.5717026393884996,-2.029117891692469,0.6820687989585872,-0.2550306852253353,0.0077021886311177,0.0628344495438092,0.014322218665112,0.0417780645110504,0,0,0
FDX,2021-Q4,2021-06-24,10971,545,20.1302752293578,11.614808033885794,19.414820891441074,44,68,10,139,2.2878198104334944,0.5788781883172812,0.6245168975903407,0.942478818357738,1.4061836818891928,-0.98393075125465,-0.7957469321183531,0.1275153426126676,1.259307841187692,-0.0398298579500868,-0.022786151245813,-0.0251478069024316,1,1,1
FDX,2022-Q1,2021-09-21,10318,476,21.676470588235293,11.940314656128326,16.86373328164373,63,77,5,119,0.9667326482833054,-1.0090537227548917,1.5108594002946671,1.3341024715555807,0.3776808362430836,-0.0382852432394804,0.3126148661893521,-0.5100613704506706,0.2580233191424326,-0.1009597767424172,-0.1245916433315483,-0.1179129663951474,1,1,1
FDX,2022-Q2,2021-12-16,9525,515,18.49514563106796,10.855082572784571,15.433070866141732,53,63,7,99,-0.6375891274978579,-0.1115269904097504,-0.3128063533643691,0.0284376278771584,-0.1991085926466704,-0.5359934053527275,-1.4115034867337448,-0.2550306852253353,-0.7432612029028268,0.0601145405324414,0.0600854692003083,0.0517039013718982,0,0,0
FDX,2022-Q3,2022-03-17,9169,524,17.498091603053435,10.394292109266663,15.48696695386629,43,65,4,108,-1.357814287873765,0.095594563208359,-0.884358555644548,-0.5259487727385352,-0.1773797114506608,-1.0337015674659746,-1.1652008648875882,-0.6375767130633383,-0.2926831679824601,-0.0507370025568786,-0.0286679177002307,-0.0370748456865546,1,1,1
FDX,2022-Q4,2022-06-23,10542,605,17.42479338842975,10.10921425544444,17.45399354961108,68,86,5,145,1.4199080300928648,1.9596885457713449,-0.926376094127188,-0.8689317504442133,0.6156516385568789,0.2105688378171431,1.4209766644970572,-0.5100613704506706,1.5596931978012698,0.0398427763642856,0.0509079714627897,0.0009531611197366,0,0,0
FDX,2023-Q1,2022-09-22,9442,578,16.335640138408305,9.314025048910343,18.428299089176026,97,70,4,131,-0.8055067912933643,1.338323884917016,-1.5507233422998858,-1.825640096040768,1.0084550907483594,1.6539225079455595,-0.5494443102721964,-0.6375767130633383,0.8587940323695882,-0.0169580456869589,-0.0330880066495545,0.0161135326114288,1,1,0
FDX,2023-Q2,2022-12-20,9590,557,17.217235188509875,9.7988339011374,15.745568300312824,67,72,2,124,-0.5060873425977626,0.8550402598080938,-1.045356954674684,-1.2423566823154792,-0.0731213474153683,0.1607980216058184,-0.3031416884260397,-0.8926073982886735,0.5083444496537475,0.0193644387419436,0.0642315263550293,0.0631319092055667,0,0,0
GOOGL,2020-Q3,2020-10-29,7091,382,18.56282722513089,10.26864850474754,13.538287970667042,18,51,10,28,-0.8974783665015524,-1.1794631494912962,1.4452958262245497,0.6913592958405789,-1.0008582773477237,-1.8973665961010275,1.1168342430935865,2.146879341996403,-0.7637626158259733,0.0484686108093581,0.0386899343164798,0.0706738621310957,0,0,0
GOOGL,2020-Q4,2021-02-02,8002,423,18.91725768321513,10.77687259243259,17.995501124718817,33,41,1,40,0.0530015124602174,-0.5381105085212278,1.899883801362591,1.839154062846664,0.7988610460795925,0.6437493808199917,0.073063922445375,-0.8257228238447705,0.5455447255899809,0.0720388145561849,0.0722862696253819,0.0586258013778225,0,0,0
GOOGL,2021-Q1,2021-04-27,7644,457,16.72647702407002,9.71064376833186,16.483516483516485,28,35,3,31,-0.3205130832239907,-0.0062570989362929,-0.9099834690615864,-0.5688621929516491,0.1883567059352294,-0.2032892781536814,-0.5531982699435517,-0.1651445647689541,-0.4364357804719846,0.0299950473570494,0.0278165192239437,0.0114689524927761,0,0,0
GOOGL,2021-Q2,2021-07-27,8205,464,17.683189655172413,9.985320566868854,15.965874466788543,28,39,3,33,0.2647988949291958,0.1032421324488406,0.3170839226986724,0.0514795020176041,-0.0206551379960607,-0.2032892781536814,-0.1356901416842671,-0.1651445647689541,-0.2182178902359923,0.032206972504251,0.0225682365333373,0.0234048454776613,0,0,0
GOOGL,2021-Q3,2021-10-26,8694,510,17.04705882352941,9.60488301387971,14.95284103979756,29,38,4,30,0.7749906192017594,0.8228085101225759,-0.4988093508154738,-0.8077167523011048,-0.4296945468868228,-0.0338815463589468,-0.2400671737490883,0.1651445647689541,-0.5455447255899809,0.0540250719881389,0.0555050331648902,0.0309322743841546,0,0,0
GOOGL,2021-Q4,2022-02-01,9184,548,16.759124087591243,9.624472193027284,20.034843205574912,29,41,7,41,1.2862256803337762,1.417232909070444,-0.8681107626905458,-0.7634757218966924,1.6223000926638456,-0.0338815463589468,0.073063922445375,1.1560119533826787,0.6546536707079771,0.0655237367666766,0.0504237946109627,0.0171880254916625,0,0,0
GOOGL,2022-Q1,2022-04-26,5766,335,17.211940298507464,9.591514889780036,12.140131807145336,22,30,4,17,-2.279899705276904,-1.9146722745057647,-0.2873344785565224,-0.8379078889632515,-1.5654013175143389,-1.219735668922089,-1.0750834302676573,0.1651445647689541,-1.963961012123931,-0.0395207768080784,-0.0284149566272735,-0.0117645205967109,1,1,1
GOOGL,2022-Q2,2022-07-26,8219,484,16.981404958677686,9.68740626726899,14.35697773451758,32,58,1,41,0.2794056109615391,0.4160970792635081,-0.5830161586735018,-0.6213427478182034,-0.6702903334398645,0.474341649025257,1.847473467547334,-0.8257228238447705,0.6546536707079771,0.0505903945043995,0.0536191451072894,0.0523418133040186,0,0,0
GOOGL,2022-Q3,2022-10-25,8603,514,16.737354085603112,9.748037879913197,15.575961873764966,35,45,0,39,0.6800469649915277,0.8853794994855094,-0.8960326889720146,-0.4844097503580654,-0.1780928022626398,0.9825648444094608,0.4905720507046596,-1.1560119533826787,0.4364357804719846,-0.0838709571657082,-0.0890398157680354,-0.1330532894559543,1,1,1
GOOGL,2022-Q4,2023-02-02,8104,457,17.73304157549234,10.6274634743207,19.12635735439289,38,25,2,50,0.1594218721244331,-0.0062570989362929,0.3810233584838226,1.5017221935841116,1.2554745707687809,1.4907880397936646,-1.596968590591763,-0.4954336943068622,1.6366341767699426,-0.0168447749989213,0.0028868157221762,-0.0949050914702239,1,0,1
JNJ,2019-Q2,2019-07-16,11922,677,17.610044313146233,10.581823553108638,30.951182687468545,95,78,24,98,0.8386093153929179,0.5031983306683063,1.2472258629254789,0.3274935582098515,-0.8634998936971419,0.9032124291930954,-0.8755523704376043,1.3998453479740494,0.0724252988536001,0.0019747539118926,-0.0078222934736702,-0.0284569447793238,0,1,1
JNJ,2020-Q4,2021-01-26,12655,732,17.288251366120218,10.498313052127171,40.77439747135519,113,107,11,126,1.3223208578724657,1.2020849010409536,0.8122930617097983,0.0320705692197296,0.8928743576593033,1.9589152685097,0.8059720496081264,-0.0917931375720689,1.339868028791607,0.0091895273450352,-0.0073647051773187,-0.0483047223233372,0,1,1
JNJ,2021-Q1,2021-04-20,11420,684,16.695906432748536,10.21792859756088,35.551663747810856,86,113,11,83,0.5073361989880981,0.592147530533916,0.0116843363220635,-0.9598048555573732,-0.0409416318649357,0.375361009534793,1.153873653755519,-0.0917931375720689,-0.6065618778989035,-0.0088011866798459,-0.0168538307783762,-0.0328020857918875,1,1,1
JNJ,2021-Q2,2021-07-21,12070,749,16.114819759679573,10.323550299892016,37.44821872410936,59,95,5,98,0.9362754931377651,1.4181043864288627,-0.7737078135144349,-0.5861622760234014,0.2981592022241932,-1.2081932494401135,0.1101688413133413,-0.7802416693625851,0.0724252988536001,0.000796888387579,-0.000846623212584,0.0060218797427529,0,0,0
JNJ,2021-Q3,2021-10-19,8876,577,15.383015597920275,10.114014002745222,40.44614691302389,85,76,28,80,-1.1714662076530606,-0.7675045245546888,-1.7628085286072737,-1.3274084483912034,0.8341837109280331,0.3167108517949817,-0.9915195718200684,1.8588110358343932,-0.7423593132494042,-0.0044771391409493,-0.0064187281493771,-0.000333007624675,1,0,0
JNJ,2021-Q4,2022-01-25,12197,699,17.449213161659515,11.157463183111703,37.55021726654096,87,122,7,110,1.0200836321485462,0.7827529588173653,1.0298477510515518,2.363850400499882,0.3163963697446064,0.4340111672746044,1.6757260599766075,-0.550758825432413,0.615615040255603,0.0069828530675942,0.0076000388838652,-0.0231465467994857,0,0,1
JNJ,2022-Q1,2022-04-19,9474,558,16.978494623655912,10.572503368808956,25.332488917036105,60,75,2,74,-0.7768420570353668,-1.0089380670470578,0.3936282993508122,0.2945228937857216,-1.868112872416908,-1.1495430917003024,-1.0495031725113004,-1.1244659352578432,-1.0139541839504056,0.005166055627132,0.03428134645819,0.0737675849492502,0,0,0
JNJ,2022-Q2,2022-07-19,9190,553,16.61844484629295,10.557984031999354,31.664853101196957,64,74,18,80,-0.964255533248452,-1.0724732098082077,-0.0930121310651338,0.2431599414858777,-0.7358968262488366,-0.914942460741057,-1.1074867732025326,0.7113968161835332,-0.7423593132494042,-0.0120811820220357,-0.0046846030649233,0.0151085235476598,1,0,0
JNJ,2022-Q3,2022-10-18,9301,547,17.0036563071298,10.481778231673308,33.652295452101924,71,92,6,77,-0.8910058999398167,-1.148715381121587,0.427636631658092,-0.0264222672916987,-0.3805454827242388,-0.5043913565623774,-0.0637819607603549,-0.665500247397499,-0.8781567485999049,-0.0008650297964587,0.0077496694902886,-0.0088452339224392,0,0,1
JNJ,2022-Q4,2023-01-24,9407,598,15.73076923076923,10.387114756439733,44.43499521632827,76,99,6,138,-0.8210557996631017,-0.5006569249578597,-1.29278746983094,-0.3612995159373732,1.5473830663959285,-0.2111405678633205,0.3421032440782696,-0.665500247397499,1.8830577701936095,0.0067546354435999,-0.0141685166399756,-0.044745723426994,0,1,1
LULU,2020-Q4,2021-03-30,9174,484,18.954545454545453,10.955766878338917,30.52103771528232,25,59,1,121,-0.029019483139242,-0.9662395799976476,1.441992450493626,1.5649114098614345,-0.8259108516688184,-1.1059140211166625,-0.2159493488631279,0.1336306209562122,0.9088024466244518,-0.0367882228349328,-0.0873013568142491,-0.0648935147551533,1,1,1
LULU,2021-Q2,2021-09-08,9394,502,18.71314741035857,10.60955897657766,32.68043431977858,40,60,3,106,0.543929286532987,-0.2898718739992945,1.0626595333540343,0.7127872095848603,-0.2836371804744119,1.0053763828333302,-0.0785270359502281,2.004459314343183,0.2414999508512529,0.1089406464802154,0.1258426813609204,0.1067589439688193,0,0,0
LULU,2021-Q3,2021-12-09,9259,525,17.636190476190475,10.071977434030938,35.74900097202722,29,62,1,83,0.1923470869613918,0.5743757503319346,-0.6296707290876042,-0.6103664206346068,0.4869497975521556,-0.5429032467299976,0.1963175898755713,0.1336306209562122,-0.7816972093343184,-0.0270185931252568,-0.0459486216934415,-0.0632960272242654,1,1,1
LULU,2021-Q4,2022-03-29,8772,480,18.275,10.619267950852052,41.03967168262654,26,57,0,139,-1.0759531440857697,-1.1165435146639484,0.3741546373499878,0.7366839834510378,1.815557716701261,-0.965161327519996,-0.4907939746889274,-0.8017837257372731,1.7095654415522905,0.1019680231845256,0.0869304454958449,0.1246038055063803,0,0,0
LULU,2022-Q1,2022-06-02,9568,533,17.951219512195124,10.04810298102981,30.20484949832776,43,73,0,85,0.9970796770919318,0.874983619664536,-0.1346340621011852,-0.6691287974236134,-0.905312914652224,1.427634463623329,1.7079630319174686,-0.8017837257372731,-0.6927235432312253,0.0105286672038525,0.01588389085282,0.0372883231526423,0,0,0
LULU,2022-Q2,2022-09-01,8570,494,17.34817813765182,10.087741077603884,35.82263710618437,30,49,1,79,-1.602024287148453,-0.5904797433318959,-1.0822533542619863,-0.571567242150505,0.5054415080229497,-0.4021505531333315,-1.5901724779921254,0.1336306209562122,-0.9596445415405048,0.0775167585753249,0.1406344663490264,0.1583920815592837,0,0,0
LULU,2022-Q3,2022-12-08,9559,550,17.38,9.847318930233891,30.65174181399728,37,64,0,91,0.9736408637871588,1.5137753419963138,-1.0322484757468835,-1.1633201426885942,-0.7930880754809071,0.5831183020433317,0.4711622157013708,-0.8017837257372731,-0.4258025449219458,-0.1210177602394183,-0.1432694199057511,-0.1149570306681351,1,1,1
MA,2020-Q4,2021-01-28,10775,659,16.350531107739,9.409276236315524,12.714617169373549,41,63,9,91,1.9740533688327837,1.407042255872252,-0.7209331749053876,-0.4974483814924517,-1.4403007536361976,0.7611392533900253,0.1055743443286529,0.8693857647819642,1.1138923237036429,-0.0046194860944596,0.0207347305071787,0.0283687246118436,1,0,0
MA,2021-Q1,2021-04-29,10289,619,16.621970920840063,9.499452887439984,13.801146855865488,25,52,5,67,-0.009979130081419,0.1470044147926222,-0.2622688857718469,-0.2197484573239003,-1.1619178819843166,-0.7199965910446188,-0.7654139963827324,0.0234969125616746,-0.268870560893983,-0.0111439092420074,-0.0229565688470455,-0.0322750767852645,1,1,1
MA,2021-Q2,2021-07-29,10018,565,17.730973451327433,9.523169902635864,17.86783789179477,29,49,14,67,-1.1163017786529188,-1.5540466706648777,1.611663502709053,-0.1467116652133729,-0.1199793663804391,-0.3497126299359577,-1.002956271122201,1.9267468300573265,-0.268870560893983,-0.0025250310400675,-0.0556857245921225,-0.0459079252370394,1,1,1
MA,2021-Q3,2021-10-28,10290,647,15.90417310664606,9.056333970215064,19.43634596695821,19,45,1,72,-0.0058967586844762,1.029030903548363,-1.4751647407594903,-1.5843377182532647,0.2818925636751069,-1.2754225327076103,-1.3196793041081594,-0.8223919396586149,0.0192050400638556,0.0054478280882201,-0.0214736677081656,-0.0115360087422845,0,1,1
MA,2021-Q4,2022-01-27,10485,650,16.130769230769232,9.228828654856922,24.606580829756798,25,85,8,99,0.7901656637193705,1.1235337416293352,-1.0922748875577644,-1.0531385636249808,1.606573192390922,-0.7199965910446188,1.847551025751424,0.6579135517268918,1.5748132852361845,0.0663976835236251,0.068134398832677,0.0771821528795418,0,0,0
MA,2022-Q1,2022-04-28,10453,603,17.334991708126037,10.098146887376288,20.85525686405817,54,66,1,82,0.6595297790172008,-0.3570107216392296,0.9425550079735904,1.6239358701525752,0.6454357738272052,1.9645621269931737,0.3431166190681217,-0.8223919396586149,0.595356241979533,-0.0038280183444608,-0.0288220405053136,-0.034482131966259,1,1,1
MA,2022-Q2,2022-07-28,10128,598,16.93645484949833,9.698781785860437,15.995260663507109,35,73,5,51,-0.6672409249892104,-0.5145154517741832,0.2691290176310009,0.3940869344956929,-0.5997577218929625,0.2057133117270338,0.8973819267935488,0.0234969125616746,-1.1907124839590668,-0.0107768683222398,-0.0146610980951832,-0.0096763178545772,1,1,1
MA,2022-Q3,2022-10-27,10124,589,17.188455008488965,9.906564965039887,17.38443303042276,27,56,1,45,-0.6835704105769816,-0.7980239660170999,0.6949452325203933,1.0339573708240113,-0.2438339054254876,-0.5348546104902883,-0.4486909633967741,-0.8223919396586149,-1.5364032051084733,0.0078340715831229,0.0313248794289427,-0.0083310090655206,0,0,1
MA,2022-Q4,2023-01-26,10061,599,16.796327212020035,9.716744926394934,22.36358214889176,40,66,0,71,-0.9407598085843782,-0.4830145057471925,0.0323489281604337,0.4494046104357129,1.0318880994261637,0.6685682631128601,0.3431166190681217,-1.0338641527136874,-0.0384100801277121,-0.0108071681981075,-0.0218757360094802,-0.0358189020800235,1,1,1
META,2019-Q2,2019-07-24,10459,521,20.07485604606526,10.478175603548188,12.716320871976288,45,85,41,92,-0.0527835774278567,-0.7281814742945442,0.9020905823862398,1.090216795827346,-1.2064655294035054,-0.7831393427788632,1.295751803903972,2.4008894083425614,0.2812657257420167,-0.0145231677941696,-0.0426735571370494,-0.0376599118963866,1,1,1
META,2020-Q1,2020-04-29,10079,490,20.56938775510204,10.621937322354857,15.279293580712372,82,87,5,62,-1.7598269325415217,-1.7427264497161563,1.488161413664034,1.4119431348974536,1.3347441001858649,1.5583681871458186,1.4616080348036802,-0.5414771857113011,-1.186207625955462,0.0634844920061571,0.0898832161869112,0.1040944635926765,0,0,0
META,2020-Q4,2021-01-27,10542,558,18.892473118279568,9.793154570282024,15.367103016505409,61,64,8,70,0.3200706290838122,0.4827270447570573,-0.4991545404507526,-0.4428012499232444,1.4218079159828394,0.2294044539453235,-0.4457386205429663,-0.2962799695401458,-0.7948813988361343,-0.0348369493183222,-0.0420847672634931,-0.0400447718098556,1,1,1
META,2021-Q1,2021-04-28,10563,579,18.243523316062177,9.187940494963478,13.25381047051027,29,54,7,62,0.41440723555062,1.1699994474620203,-1.2682266607883768,-1.7972182005704973,-0.6735399391531691,-1.79568313950305,-1.2750197750415082,-0.3780123749305309,-1.186207625955462,0.0666003449256374,0.0484902855993421,0.0297426152451513,0,0,0
META,2021-Q3,2021-10-25,10411,542,19.20848708487085,10.03557387618486,13.159158582268756,56,57,5,110,-0.268410106494846,-0.0409090715895811,-0.1246455560697926,0.0997122679689599,-0.7673881057911864,-0.0870154825309848,-1.0262354286919455,-0.5414771857113011,1.161749736760504,-0.040085719039341,-0.0418893485663263,-0.0059315384443455,1,1,1
META,2021-Q4,2022-02-02,10821,545,19.855045871559632,10.036181058510332,14.508825432030312,56,71,8,102,1.5733998292856872,0.0572727002254135,0.6415929654654831,0.1010710896938561,0.5708182604572463,-0.0870154825309848,0.134758187606013,-0.2962799695401458,0.7704235096411763,-0.2403960223440218,-0.2816224574261817,-0.2821492140346129,1,1,1
META,2022-Q1,2022-04-27,10284,529,19.440453686200375,10.050081813627276,13.321664721898092,60,73,14,111,-0.8389219646512551,-0.4663634161212249,0.1502586743074144,0.1321797818492299,-0.6062618614555148,0.1661204666500619,0.3006144185057214,0.1941144628021645,1.21066551515042,0.150676693737281,0.2134883384406273,0.2487384563944359,0,0,0
META,2022-Q2,2022-07-27,10607,582,18.22508591065292,9.72509905910779,13.858772508720657,70,64,5,81,0.6120648871953601,1.2681812192770152,-1.290076878514262,-0.5951036197430958,-0.0737148408225765,0.7989603396026786,-0.4457386205429663,-0.5414771857113011,-0.2568078365470588,-0.0647892614105994,-0.0811676098919711,-0.0380378485029799,1,1,1
MSFT,2021-Q2,2021-01-26,7485,419,17.863961813842483,10.919074324345914,36.87374749498998,16,63,9,59,-2.412558687131775,-2.3699219865172827,-0.2034498816249688,0.0008021552310027,0.2883617080987978,-1.475162231396747,-0.8513685187517755,-0.5270462766947297,-1.5676224752902603,0.0268938712372876,0.0341559780309263,0.0367408012536821,0,0,0
MSFT,2021-Q3,2021-04-27,8958,509,17.599214145383105,11.12003676946524,39.29448537620005,35,73,10,74,0.0291002574675015,0.3224157541264744,-0.8436577832328161,0.6282263178859269,0.8899247481422939,-0.462099012244764,0.2278310120603347,-0.2108185106778917,-0.5550433644568389,-0.0279980938919402,-0.0368437217909316,-0.0495776913108104,1,1,1
MSFT,2021-Q4,2021-07-27,8636,497,17.37625754527163,11.04182306956493,40.99119962945808,35,64,17,70,-0.5046500345630259,-0.0365626112926931,-1.3828072984584334,0.3840355929026742,1.311565022456015,-0.462099012244764,-0.7434485656705645,2.002775851439974,-0.8250644606790846,-0.0007066454022089,-0.004549645528449,-0.0028505279040317,0,0,0
MSFT,2022-Q1,2021-10-26,9066,505,17.952475247524752,11.0317207848562,33.09066843150232,32,67,9,73,0.2081220945460635,0.2027562989867519,0.0105916620516503,0.3524952843613817,-0.6517485615099623,-0.6220563626371823,-0.4196887064269314,-0.5270462766947297,-0.6225486385124003,0.0465443927965161,0.062146968577627,0.0612043244275146,0,0,0
MSFT,2022-Q2,2022-01-25,9169,487,18.82751540041068,11.460233857085631,27.702039480859412,26,61,7,78,0.3788558836117291,-0.3357112491419995,2.1265975304382287,1.690354481738274,-1.9908443960390332,-0.9419710634220192,-1.0672084249141975,-1.1595018087284057,-0.2850222682345931,0.0310020501907673,0.0513130222705702,0.027727980200411,0,0,0
MSFT,2022-Q3,2022-04-26,9513,533,17.848030018761726,10.773943714031963,32.797224850204984,57,86,12,104,0.9490735868990008,1.0403724849648095,-0.2419758530031175,-0.4523096269119692,-0.7246704644622278,0.7109215572996372,1.6307904021160782,0.421637021355784,1.470114857210004,0.0452970060624009,0.0368681635014229,0.042107008724146,0,0,0
MSFT,2022-Q4,2022-07-26,9090,499,18.216432865731463,10.943533677692264,37.2937293729373,68,64,14,95,0.2479047250079662,0.023267116277168,0.6488890787915148,0.0771666186674581,0.3927288835878167,1.2974318420718378,-0.7434485656705645,1.0540925533894598,0.8625673907099513,0.0408855161308271,0.0605104338598339,0.0470631930499298,0,0,0
MSFT,2023-Q1,2022-10-25,9447,532,17.757518796992482,10.30376514837512,35.35513919762888,60,83,8,95,0.8396713531287684,1.010457621179879,-0.4608484107787915,-1.920252518830776,-0.0890185242207633,0.8708789076920557,1.3070305428724451,-0.8432740427115676,0.8625673907099513,-0.069622163929761,-0.0696559572930466,-0.088683778895471,1,1,1
MSFT,2023-Q2,2023-01-24,9100,503,18.09145129224652,10.675225218234305,38.02197802197802,64,77,10,92,0.264480821033759,0.1429265714168906,0.346660955816682,-0.7605183050439673,0.5737015839470625,1.0841553748819468,0.6595108243851788,-0.2108185106778917,0.660051568543267,-0.0062829655430724,0.0115919361436369,0.0081469209935464,1,0,0
NFLX,2020-Q4,2021-01-19,7855,402,19.53980099502488,9.2329073809037,8.020369191597707,18,71,2,32,-0.8804836451382396,-0.3596084493026748,-0.2220018199749508,-0.0900026587005091,0.1105487157307042,-0.8512565307587486,1.9706355672679063,0.2222222222222221,-0.779084834967687,0.1547047754036781,0.1151814969812262,0.1063212523834064,0,0,0
NFLX,2021-Q1,2021-04-20,8212,339,24.224188790560472,10.639536611918931,4.992693619094009,24,45,1,32,-0.1859111060198578,-1.6260555968468755,2.3050759302346235,2.049168125269414,-1.3125557092766311,0.1702513061517497,-0.6055025486018711,-0.4444444444444445,-0.779084834967687,-0.0834652477102487,-0.0911863544751152,-0.0930788796862574,1,1,1
NFLX,2021-Q2,2021-07-20,7542,364,20.71978021978022,9.80057436345433,9.94431185361973,22,38,5,23,-1.4894506052056162,-1.1234972049642562,0.4145593220019443,0.7732927977860792,1.0148633459537182,-0.1702513061517497,-1.299078195182196,2.222222222222222,-1.488139572410189,-0.0408991913035691,-0.0500513511800555,-0.0413032318214745,1,1,1
NFLX,2021-Q3,2021-10-19,7981,394,20.256345177664976,9.194074577703258,5.638391179050244,19,40,0,37,-0.6353403960376343,-0.520427134705113,0.1645509036739384,-0.1490587313559056,-1.0090571894433822,-0.6810052246069989,-1.1009137247306744,-1.1111111111111112,-0.3851655363885193,-0.0256179306424111,0.0348408608766816,0.0343917763578856,1,0,0
NFLX,2021-Q4,2022-01-20,8579,457,18.772428884026255,8.92103545759019,9.674787271243735,31,53,2,47,0.5281172465192069,0.7460200128390878,-0.6359745891987333,-0.5642906174480032,0.8881781656421595,1.3620104492139975,0.1871553332042143,0.2222222222222221,0.4026730607698161,-0.1982738166376173,-0.2515682050846289,-0.2044363760688105,1,1,1
NFLX,2022-Q1,2022-04-19,8292,464,17.870689655172413,8.377707470684435,5.306319343945972,28,55,0,40,-0.0302645986543941,0.8867363625662212,-1.1224341312331148,-1.3905718648973528,-1.16514158046894,0.8512565307587486,0.3853198036557356,-1.1111111111111112,-0.1488139572410186,-0.3504245310959873,-0.3390803559251133,-0.3658545693547085,1,1,1
NFLX,2022-Q2,2022-07-19,8584,465,18.46021505376344,8.721678936645304,8.504193849021435,31,58,2,51,0.5378451532295483,0.906838698241526,-0.8044039887708202,-0.86746762798929,0.33796179035481,1.3620104492139975,0.6825665093330177,0.2222222222222221,0.7178084996331503,0.0670780441688916,0.086100694037606,0.0644216370510509,0,0,0
NFLX,2022-Q3,2022-10-18,8391,413,20.317191283292978,9.544276989929944,7.269693719461328,19,47,1,65,0.1623479542103671,-0.1384827568743223,0.1973754362341948,0.3835213915315068,-0.2422927828246854,-0.6810052246069989,-0.4073380781503497,-0.4444444444444445,1.82078253565482,0.1379508467659515,0.1937191506926462,0.1710968732416115,0,0,0
NFLX,2022-Q4,2023-01-19,9332,481,19.401247401247403,9.197012493145106,10.715816545220749,15,53,2,50,1.993139997096634,1.2284760690464025,-0.2967470629670706,-0.1445908141959309,1.3774952443322508,-1.3620104492139975,0.1871553332042143,0.2222222222222221,0.6390246399173167,0.0659868201482949,0.1224182238701619,0.114004325702419,0,0,0
NVDA,2020-Q2,2019-08-15,8648,394,21.9492385786802,11.180205355739364,13.41350601295097,19,62,5,55,0.3793271797450283,-1.4797005043014868,1.5953752755372204,0.9331819155772424,-1.8805327075364209,-0.5682175455222245,-0.5421796221111717,-0.2572478777137633,-0.7001065331907786,0.0577724464231625,0.1092744363785448,0.125565777654707,0,0,0
NVDA,2021-Q4,2021-02-24,8729,410,21.290243902439023,11.433843095921414,18.329705579104136,11,46,10,97,0.6751202152140756,-1.1432854695757493,1.283411253593803,1.2789729096387883,1.0821219486886435,-0.9178898812282088,-1.7597057910625749,1.4577379737113252,1.884902204744404,-0.0580822528219874,-0.0397407477938419,-0.090434097845487,1,1,1
NVDA,2022-Q2,2021-08-18,9010,504,17.876984126984127,10.577911336176268,18.09100998890122,18,86,7,58,1.7012664246807705,0.8331528594379598,-0.3324049068070065,0.1120586568990911,0.9382765672676432,-0.6119265874854726,1.284109631315933,0.4287464628562721,-0.5154630519096941,0.0382624957683925,0.1348580656462357,0.1444937805188301,0,0,0
NVDA,2021-Q3,2021-11-17,8426,429,19.64102564102564,11.277790726858068,17.80204130073582,38,83,8,53,-0.4313648433923606,-0.7437926158389357,0.502681483775824,1.0662226155171706,0.764135054504286,0.2622542517794882,1.0558234746375448,0.7717436331412898,-0.8232021873781683,0.0791025318602251,0.0933198831038453,0.1138633000082471,0,0,0
NVDA,2022-Q4,2022-02-16,8182,465,17.59569892473118,10.263032026250894,15.399657785382548,18,66,8,79,-1.3223957156694908,0.0131412122939741,-0.465563589527353,-0.317224577963187,-0.6836159189918868,-0.6119265874854726,-0.2377980798733209,0.7717436331412898,0.7770413170578971,-0.0542298947062384,-0.0795921960663783,-0.063244632608725,1,1,1
NVDA,2023-Q1,2022-05-25,8637,513,16.83625730994152,9.777542746538536,15.630427231677665,37,63,2,55,0.3391577551751576,1.0223863164711873,-0.8250785736731112,-0.9791048664307652,-0.5445470782377912,0.2185452098162402,-0.466084236551709,-1.2862393885688164,-0.7001065331907786,0.0316238813839576,0.0608131957260909,0.1037868897279091,0,0,0
NVDA,2023-Q2,2022-08-24,8505,510,16.676470588235293,9.57030488923752,16.931216931216934,83,79,3,78,-0.1428753396632898,0.9593084974601114,-0.900720623834962,-1.2616376812708132,0.2393492238248886,2.22916114012565,0.7514419323996941,-0.9432422182837988,0.7154934899642024,0.0260055546951393,-0.0558229419433531,-0.0788653800102514,0,1,1
NVDA,2023-Q3,2022-11-16,8216,490,16.76734693877551,9.885100194650132,16.674780915287247,32,68,3,56,-1.198235676089891,0.5387897040529392,-0.8577003190644111,-0.8324689719675171,0.0848129104806427,0.0,-0.0856073087543955,-0.9432422182837988,-0.6385587060970838,-0.0115846102057828,-0.0350969351934671,0.0206528038377512,1,1,0
ORCL,2020-Q1,2019-09-12,7488,442,16.941176470588236,8.896673518508049,22.03525641025641,60,50,3,54,0.906694245735028,0.1275283493196498,1.8880725472907132,-0.0003327378643212,-1.2849603596164587,2.590363983398435,1.062981537424099,-0.2890608062893002,0.5418443444341684,-0.0019343318035103,-0.0176995055675463,-0.0089525340760497,0,1,1
ORCL,2020-Q2,2019-12-12,7615,499,15.260521042084168,9.02770045409969,26.263952724885097,24,46,4,66,1.0267560335352015,0.8890547781141289,0.1151830364891084,0.2775059756360341,-0.377329358144621,-0.3488455794261503,0.6527079615762013,0.3468729675471601,1.5784161337864904,-0.0353076155898886,-0.0719758929092557,-0.0690863399664605,1,1,1
ORCL,2020-Q3,2020-03-12,6375,397,16.05793450881612,9.517846369496617,25.098039215686278,29,50,3,52,-0.1455007922302751,-0.4736767260444126,0.9563584178100528,1.316845787304674,-0.6275765187938466,0.0593779709661531,1.062981537424099,-0.2890608062893002,0.3690823795421147,0.118785172327377,0.1584840726258916,0.1630438134876966,0,0,0
ORCL,2021-Q3,2021-03-10,5666,414,13.68599033816425,8.493129979853123,28.591599011648427,16,30,3,36,-0.8157669934139229,-0.2465548086846557,-1.54575764300481,-0.8560347896218201,0.1222676271055984,-1.002003260053836,-0.9883863418153898,-0.2890608062893002,-1.0130133395943146,-0.0754465502391826,-0.078402054596134,-0.1015215041927795,1,1,1
ORCL,2021-Q4,2021-06-15,4844,316,15.329113924050631,9.354956876762646,38.39801816680429,18,49,2,26,-1.592859824687489,-1.555845861699725,0.1875402840792583,0.9714434706010324,2.227079459503234,-0.8387138398969146,0.9604131434621246,-0.9249945801257604,-1.876823164054583,-0.0502714657870689,-0.0469426427330922,-0.0362901262210863,1,1,1
ORCL,2022-Q1,2021-09-13,4983,317,15.719242902208205,8.936602861557272,27.69416014449127,21,39,1,33,-1.4614536159928109,-1.542485748913857,0.5990794737934396,0.0843362445370218,-0.0703551760358289,-0.5937797096615325,-0.0652707961576197,-1.5609283539622207,-1.2721562869323952,-0.0227281661967626,-0.0197710605890213,-0.0056333651021095,1,1,0
ORCL,2022-Q2,2021-12-09,7980,539,14.805194805194803,8.150746658831597,24.43609022556391,40,51,3,53,1.3718155024097172,1.4234592895488511,-0.3651314263585413,-1.5820484219109356,-0.7696546866560354,0.9574697818292208,1.1655499313860735,-0.2890608062893002,0.4554633619881415,0.146720542070801,0.1316790633400441,0.1625660415667225,0,0,0
ORCL,2022-Q3,2022-03-10,7068,483,14.633540372670808,8.229739037262604,24.052065647990947,25,30,3,50,0.5096395144273663,0.6752929735402401,-0.5462062247633948,-1.4145474367088962,-0.8520802348625997,-0.2672008693476896,-0.9883863418153898,-0.2890608062893002,0.196320414650061,0.0279794460167316,0.0499111462747287,0.0148920152708237,0,0,0
ORCL,2022-Q4,2022-06-13,6391,441,14.492063492063492,8.866979436936067,31.91988734157409,26,28,4,57,-0.130374897704269,0.1141682365337817,-0.6954473323668111,-0.0632981532217144,0.8366385455437828,-0.1855561592692289,-1.1935231297393385,0.3468729675471601,0.8009872917722489,0.1071509207817482,0.095022183265415,0.0521672604357463,0,0,0
ORCL,2023-Q1,2022-09-12,6149,391,15.726342710997445,9.560053939718449,32.200357781753134,27,35,5,49,-0.3591540524101121,-0.553837402759621,0.6065689188740084,1.4063456825548932,0.8968376347104179,-0.1039114491907682,-0.4755443720055175,0.9828067413836205,0.1099394322040342,0.0299897448774319,-0.03800528940322,-0.0532479933944905,0,1,1
ORCL,2023-Q2,2022-12-12,7259,518,14.013513513513514,8.8307056577727,27.552004408320705,25,28,7,49,0.6902048803315648,1.142896921045622,-1.2002600518430184,-0.1402156213059529,-0.1008669327536404,-0.2672008693476896,-1.1935231297393385,2.254674289056541,0.1099394322040342,-0.0164281092252131,0.0084747786049317,0.0334792238464452,1,0,0
PFE,2020-Q4,2021-02-02,13631,732,18.621584699453557,10.458034135743294,30.00513535323894,62,174,17,170,-0.065355341863532,-0.2098814936182809,0.3251445543603898,-0.0206187145714082,0.5422228907540847,-1.0124468434695413,0.3453373412859208,-0.9438747029536456,-0.3518072351490318,-0.0050731518829383,-0.0181451333351021,-0.0233737216829283,1,1,1
PFE,2021-Q1,2021-05-04,11704,575,20.35478260869565,11.44036335605492,30.416951469583047,88,150,29,159,-1.123672516409972,-1.459223465109091,1.844203306024212,2.078590396642442,0.7054007537549243,0.1773211985737614,-0.6747360360509531,0.1611493395286712,-0.646655203654887,0.0001882689539781,-0.0151380064039005,-0.0019204479902619,0,1,0
PFE,2021-Q2,2021-07-28,13501,747,18.07362784471218,10.413869782050352,24.81297681653211,107,178,29,156,-0.1367519338152898,-0.0905176109917704,-0.1551114229232719,-0.1149966601176926,-1.5151160543624882,1.0467670754515597,0.5153495708420666,0.1611493395286712,-0.7270682859746658,-0.0104175320378469,0.0237268227327545,0.0491240702846282,1,0,0
PFE,2021-Q3,2021-11-02,14817,817,18.13586291309669,10.46925292489552,30.572990483903624,88,175,41,195,0.5860012585578886,0.4665138412652786,-0.1005655890137261,0.0033555131296389,0.7672295940820799,0.1773211985737614,0.3878403986749573,1.2661733820109882,0.3183017841824573,-0.0199665160503928,0.0645611596618372,0.0379751911088133,1,0,0
PFE,2021-Q4,2022-02-08,17222,948,18.166666666666668,10.308254687775264,28.568110556265243,111,209,28,223,1.9068382096654068,1.5089584162034704,-0.0735676846226313,-0.3406930596543372,-0.0271832741407525,1.229808312688991,1.8329443499021956,0.0690640026551448,1.0688238858337251,-0.0190847635943436,0.0054454139110891,-0.0262108382596178,1,0,1
PFE,2022-Q2,2022-07-28,14365,885,16.231638418079097,9.861101866697204,25.68743473720849,100,149,43,154,0.3377608003871616,1.0076301091721265,-1.7695203395730603,-1.2962456958817967,-1.1686211768747428,0.7264449102860551,-0.7172390934399895,1.450344055758041,-0.7806770075211849,-0.0187193334882272,-0.0252084535343136,-0.0369032376509023,1,1,1
PFE,2022-Q3,2022-11-01,11480,615,18.666666666666668,10.695222891115368,27.177700348432055,56,132,16,155,-1.2466943363883851,-1.140919778105063,0.3646565780433918,0.4862467904540637,-0.5781188917725598,-1.2870086993256882,-1.4397910690536084,-1.035960039827172,-0.7538726467479253,0.0055168107732801,0.0132221007037185,0.0012593352203128,0,0,0
PFE,2022-Q4,2023-01-31,13280,748,17.754010695187166,10.095362000679128,31.852409638554214,61,160,15,253,-0.258126140133278,-0.0825600188166697,-0.435239402295304,-0.795638570000895,1.2741861585594574,-1.058207152778899,-0.2497054621605889,-1.1280453767006984,1.872954709031512,-0.0149304736346098,-0.0167057616535174,-0.0343353610688439,1,1,1
PTON,2020-Q2,2020-02-05,9090,544,16.709558823529413,9.355741660809397,14.961496149614964,36,58,8,87,0.6440389386992579,1.0494450118184289,-0.6991053718360961,0.149446888249335,0.130428671286731,-0.4370374100610487,-0.7960164105043912,1.8973665961010275,-0.2276315351282792,-0.1165148379860621,-0.1308500347991234,-0.1470329039302637,1,1,1
PTON,2021-Q2,2021-02-04,9542,533,17.902439024390244,9.612533345934043,14.462376860197024,32,65,2,114,1.0482399943672172,0.8541168370298888,0.8744869778684827,0.5341406606454193,0.0525117310194337,-0.7866673381098878,-0.0628434008292934,-0.4743416490252569,0.5810594449327132,-0.0625279283498832,-0.0725332038357246,-0.0818493972723948,1,1,1
PTON,2021-Q3,2021-05-06,8895,530,16.78301886792453,9.199788203084507,18.10005621135469,47,77,4,122,0.4696601646832135,0.8008455166330143,-0.6022002812949888,-0.08418343331376,0.6203856856531452,0.5244448920732585,1.194024615756588,0.3162277660168378,0.8206715871730074,-0.0069198369046556,0.0978945860852979,0.1583587606967666,1,0,0
PTON,2021-Q4,2021-08-26,9597,520,18.45576923076923,10.118594148992296,26.049807231426488,43,74,7,126,1.0974237511409732,0.6232744486434325,1.6044145757866026,1.2922588189330402,1.861412206774324,0.1748149640244195,0.8798076116101178,1.50208188857998,0.9404776582931544,-0.094399791928691,-0.1337098649829985,-0.1302630291381035,1,1,1
PTON,2022-Q1,2021-11-04,9431,546,17.272893772893774,9.529923281569015,17.81359346834906,56,82,1,125,0.9489782306965456,1.0849592254163452,0.0440200199687716,0.4103844055196348,0.5756663151363186,1.3111122301831464,1.7177196226673723,-0.8696263565463044,0.9105261405131176,-0.3569439096080465,-0.4185059017371715,-0.406242416581329,1,1,1
PTON,2022-Q2,2022-02-08,8604,483,17.81366459627329,10.290927788611516,17.666201766620176,62,66,1,132,0.2094333788438857,-0.0337385029180201,0.7573798611325138,1.550427917763808,0.5526571654941608,1.8355571222564049,0.0418956005528633,-0.8696263565463044,1.120186764973375,0.0256108023580015,-0.0462524197009106,-0.0971284625189114,0,1,1
PTON,2022-Q3,2022-05-10,6790,411,16.52068126520681,8.522908613578071,12.960235640648012,31,53,1,48,-1.4127363445669066,-1.312250192443009,-0.9482639047657596,-1.098201323413086,-0.1819858132713055,-0.8740748201220975,-1.3197114174151752,-0.8696263565463044,-1.3957407285497128,-0.0275249557079731,0.2236424892250023,0.182298725003657,1,0,0
PTON,2022-Q4,2022-08-25,7536,418,18.028708133971293,9.055841905274791,6.900212314225053,25,61,2,61,-0.7456257526901419,-1.1879504448503018,1.041055342987931,-0.299826102195312,-1.1280091098142406,-1.398519712195356,-0.4817994063579207,-0.4743416490252569,-1.006370997409235,-0.0024816044844995,-0.0791086355451487,-0.0112629140359263,1,1,1
PTON,2023-Q1,2022-11-03,7017,422,16.627962085308056,8.610209686470387,4.70286447199658,38,55,4,82,-1.2097415666097675,-1.116922017654469,-0.8067440122740178,-0.9674175752988552,-1.4710345632465298,-0.2622224460366292,-1.1102334146508617,0.3162277660168378,-0.377389124028463,-0.0090397685216633,-0.0039258229050153,0.0025553318405747,1,0,0
PTON,2023-Q2,2023-02-01,7196,442,16.28054298642534,8.263356616073903,7.643135075041689,40,65,2,49,-1.0496707945642705,-0.7617798816753055,-1.2650432075734157,-1.4870302568902405,-1.0120322890320363,-0.0874074820122097,-0.0628434008292934,-0.4743416490252569,-1.365789210769676,0.0233404744878189,-0.0324796793941018,-0.0564806817628763,0,1,1
PYPL,2019-Q4,2020-01-29,8392,485,17.303092783505154,10.101149446829762,37.77407054337464,37,67,7,92,-0.4876099100983278,-0.5103979764160743,0.2729505028661299,0.8991771308933865,1.7109868407234792,-1.2983964469041545,-0.88958918310311,0.9192388155425116,0.1505115333881357,0.0006978275398029,0.0063685169947203,0.007125479704427,0,0,0
PYPL,2020-Q4,2021-02-03,7453,403,18.49379652605459,10.411621086353763,34.48275862068965,36,67,7,79,-1.9325509928039053,-2.08974265815638,1.747558735324266,1.7234995537251143,0.3177816749880411,-1.4511489700693492,-0.88958918310311,0.9192388155425116,-0.8278134336347465,0.0621951325189539,0.0974876381296541,0.1026230870953109,0,0,0
PYPL,2021-Q1,2021-05-05,8400,526,15.96958174904943,9.35000396355714,34.04761904761905,42,70,6,76,-0.4752994429400268,0.2792743644540784,-1.3785151633724468,-1.0951630465852944,0.1335880417928879,-0.5346338310781813,-0.4151416187814513,0.3535533905932737,-1.05358073371695,0.0106886797226144,-0.0205059872915287,-0.0054040813343633,0,1,0
PYPL,2021-Q2,2021-07-28,9119,526,17.336501901140686,9.496938617916893,36.07851738129181,50,68,6,75,0.6311037929122736,0.2792743644540784,0.3143254966148143,-0.7050419699372916,0.9932628814988016,0.6873863542433759,-0.7314399949958904,0.3535533905932737,-1.128836500411018,-0.0664361921178762,-0.0997970213440478,-0.088029662642066,1,1,1
PYPL,2021-Q3,2021-11-08,8909,522,17.06704980842912,9.316534124254527,31.76563026153329,52,76,4,104,0.3079540300068729,0.2022331604667464,-0.0193731892688852,-1.1840276497033655,-0.8323728393415367,0.9928914005737652,0.533753509861866,-0.7778174593052023,1.05358073371695,-0.1013062733819926,-0.1083841639696134,-0.0703781604665201,1,1,1
PYPL,2021-Q4,2022-02-01,9040,512,17.65625,9.770150399545368,32.30088495575222,52,79,3,84,0.5095379297240514,0.0096301504984164,0.7103124764501496,0.0203531035819633,-0.6058006934959331,0.9928914005737652,1.0082010741835246,-1.3435028842544403,-0.4515346001644071,-0.2556186593229959,-0.2734386387834986,-0.3114897357898772,1,1,1
PYPL,2022-Q2,2022-08-02,9639,585,16.476923076923075,9.759355049766825,30.60483452640316,50,70,7,103,1.4312841582018372,1.415632123267225,-0.7502063137278789,-0.0083092531421753,-1.3237351448709558,0.6873863542433759,-0.4151416187814513,0.9192388155425116,0.9783249670228822,0.0768320120678172,0.0502254160558268,0.046048954423885,0,0,0
PYPL,2022-Q3,2022-11-03,8719,533,16.358348968105066,9.894124393371222,32.801926826470925,45,84,3,107,0.0155804349972246,0.4140964714319093,-0.897052544886142,0.3495121311676439,-0.3937107612947964,-0.0763762615825973,1.7989470147196225,-1.3435028842544403,1.2793480337991536,-0.032289938268367,0.0302084162823337,0.0700736696630481,1,0,0
ROKU,2020-Q4,2021-02-18,9687,563,17.206039076376555,9.480503996447602,13.832972024362547,40,70,1,47,0.3893554343983286,0.1060274850261193,0.3898793956242073,0.7197091529624349,0.4422886336346754,-0.5159430037306365,0.3694318748527594,-0.6123724356957946,-0.8560891490320897,0.0333778842012408,-0.0737031734446169,-0.1344907367984926,0,1,1
ROKU,2021-Q1,2021-05-06,9142,493,18.543610547667345,9.999618597550228,12.688689564646683,23,72,8,64,-0.2585795633027068,-1.0358069691013196,1.923071930553865,1.8574974504404564,-0.1191152148068036,-1.4905020107773943,0.6058682747585254,2.2453655975512468,1.186509522342721,0.1082123080015062,0.1169528708083177,0.1104255073473647,0,0,0
ROKU,2021-Q2,2021-08-04,9825,620,15.846774193548388,8.650627049124854,14.045801526717558,34,61,1,42,0.5534197090455633,1.0358069691013196,-1.1681792323256406,-1.0992038134712356,0.5467062978831133,-0.8599050062177275,-0.6945319247231877,-0.6123724356957946,-1.456853464142328,-0.046397672667837,-0.0609206032218386,-0.1325326452742778,1,1,1
ROKU,2021-Q3,2021-11-03,9818,567,17.31569664902998,9.095050568041668,9.981666327154208,62,73,1,51,0.5450976081576601,0.1712751681191158,0.51557448960561,-0.1251224104948868,-1.4472254645489482,0.7452510053886972,0.7240864747114084,-0.6123724356957946,-0.3754776969438989,-0.0820894583404366,-0.1253953691625912,-0.1221628294523808,1,1,1
ROKU,2021-Q4,2022-02-17,10684,655,16.31145038167939,8.64494333139022,14.320479221265444,62,68,1,61,1.5746603751468282,1.6067241961650391,-0.6355437223035095,-1.111661308426875,0.6814677053405931,0.7452510053886972,0.1329954749469934,-0.6123724356957946,0.8260509332765777,-0.2163843564998701,-0.1475855747625042,-0.0368216772131807,1,1,1
ROKU,2022-Q1,2022-04-28,8389,488,17.190573770491802,9.387214533590644,15.496483490284897,37,54,4,47,-1.1537998445300088,-1.1173665729675653,0.3721522744633284,0.5152385815487173,1.258434796643441,-0.6879240049741819,-1.5220593243933689,0.6123724356957946,-0.8560891490320897,0.0508156800757189,0.1611711987655517,0.1508084089113851,0,0,0
ROKU,2022-Q2,2022-07-28,8069,497,16.235412474849095,9.025696851131984,13.260627091337216,70,58,2,60,-1.534238742262727,-0.9705592860083232,-0.7227022432694062,-0.2771309406322295,0.1614867692801455,1.2038670087048184,-1.0491865245818368,-0.2041241452319315,0.70589807025453,-0.2452938834552783,-0.1159727193946138,-0.0656206785524719,1,1,1
ROKU,2022-Q3,2022-11-02,9262,569,16.27768014059754,8.933445263211222,9.825091772835242,64,79,2,61,-0.1159149766529375,0.2038990096656141,-0.6742528923484583,-0.4793267119263898,-1.5240435234262146,0.8599050062177275,1.4333956744287066,-0.2041241452319315,0.8260509332765777,-0.0353584431590418,-0.0862686633715674,-0.1123485274502947,1,1,1
SBUX,2020-Q2,2020-04-28,13966,671,20.81371087928465,11.44770466341734,22.841185736789345,105,123,2,143,1.7197789689720664,1.335617970860027,-0.0172546458947985,-0.6285732792598554,-0.5641812393285501,2.3458302216620077,2.2977929044424528,-0.3581459915128873,1.341707327890442,-0.0494347064896553,-0.0519801815191124,-0.0751897905501196,1,1,1
SBUX,2021-Q1,2021-01-26,12052,522,23.088122605363985,12.378986160393016,25.8878194490541,64,101,3,103,0.1610816744306627,-0.668481502031656,1.5335208599316092,1.2131883476568257,0.0208334278451941,0.1499617493299912,1.0855280627701756,-0.0325587265011715,-0.5480213029411661,-0.0407044122275913,-0.0395212523166184,-0.02320188009255,1,1,1
SBUX,2021-Q2,2021-04-27,12397,618,20.05987055016181,11.295954082341208,25.08671452770832,56,78,0,108,0.4420380833213546,0.6227503731200325,-0.5312500251408498,-0.9286848974934026,-0.1329947553872327,-0.2785003916128412,-0.1818397262508414,-1.0093205215363186,-0.311805224087215,-0.031998325632674,-0.01376488461517,-0.0130130300408099,1,1,1
SBUX,2021-Q3,2021-07-27,10997,476,23.102941176470587,12.576161368100076,33.009002455215054,36,58,2,125,-0.6980748802930472,-1.28719677554184,1.5436246933052964,1.603134601838313,1.388243133009826,-1.3496557439699224,-1.2838986732256388,-0.3581459915128873,0.4913294440162183,-0.0283133263128265,-0.0353604196409969,-0.0596234399089638,1,1,1
SBUX,2021-Q4,2021-10-28,11408,511,22.32485322896282,12.293008059385128,32.608695652173914,49,78,1,138,-0.3633702888319621,-0.8164351543927869,1.0130964179987787,1.0431525768337824,1.31137621257704,-0.6534047649378196,-0.1818397262508414,-0.6837332565246029,1.105491249036491,-0.0650148471979019,-0.0232703940439894,-0.0279296051297518,1,1,1
SBUX,2022-Q1,2022-02-01,9375,461,20.336225596529285,11.687038410586094,23.89333333333333,51,70,2,73,-2.01897718528059,-1.4889517560342913,-0.342821240719761,-0.1552516112217079,-0.3621478365168026,-0.5462892297021115,-0.6226633050407604,-0.3581459915128873,-1.965317776064872,-0.0201436519048385,-0.0286893132041061,-0.0344447553712883,1,1,1
SBUX,2022-Q2,2022-05-03,12417,626,19.835463258785943,11.27529136889834,19.650479181766933,72,79,11,121,0.4583254113729889,0.7303530293826731,-0.6842589666636951,-0.9695487961648932,-1.176860776688475,0.5784238902728236,-0.1267367789021015,2.572139393592554,0.3023565809330575,0.0678922228415739,0.0415676666281555,0.0082944393680574,0,0,0
SBUX,2022-Q3,2022-08-02,12498,618,20.223300970873787,12.006129409670615,18.00288046087374,66,73,5,127,0.5242890899821079,0.6227503731200325,-0.4198173014871046,0.4758030801008344,-1.4932327164654804,0.2570772845656993,-0.4573544629945408,0.6186158035222598,0.5858158755577988,0.0268682453083639,0.0108732920075817,0.0054363115283935,0,0,0
SBUX,2022-Q4,2022-11-03,12397,643,19.279937791601867,11.43166473284661,31.620553359683797,49,73,3,115,0.4420380833213546,0.9590086739407846,-1.0630361588024706,-0.6602948679733821,1.1216331095468806,-0.6534047649378196,-0.4573544629945408,-0.0325587265011715,0.0188972863083163,0.0703967913551657,0.0656781593032641,0.0794574366085043,0,0,0
SBUX,2023-Q1,2023-02-02,11035,571,19.32574430823117,11.263471180283744,25.19256909832352,64,80,2,93,-0.667128956994942,-0.0094152324229816,-1.031803632527024,-0.9929251543165136,-0.112668558592398,0.1499617493299912,-0.0716338315533616,-0.3581459915128873,-1.020453460649068,-0.0338051758325951,-0.0174399907502907,-0.0002828653414865,1,1,0
SNAP,2019-Q2,2019-07-23,10736,486,22.090534979423868,12.15297347290537,15.089418777943369,31,69,4,78,0.4644448690753655,0.5586706224621505,-0.0836577730384363,-0.0590121150698355,0.0190300714985472,-0.481226360002457,0.1963315380186483,0.6770032003863299,1.5872624343892885,0.1827584407783913,0.1997392424395217,0.1393052092113826,0,0,0
SNAP,2019-Q3,2019-10-22,10538,493,21.375253549695746,12.014176005983206,17.935092047826913,26,48,2,59,0.3762125984330797,0.6346064352239962,-0.519444914717664,-0.2206490975626779,0.5690942330497367,-0.698320958499806,-0.7551213000717253,-0.135400640077266,0.5707011000051374,-0.0614809834160088,-0.0115190928920574,0.0316677608268921,1,1,0
SNAP,2020-Q2,2020-07-21,11835,510,23.205882352941178,12.747363538099425,15.716096324461342,74,95,2,60,0.9541785328929012,0.8190219805027643,0.595870624713045,0.6331865157277232,0.1401658543154102,1.3857871870747445,1.3743207661305394,-0.135400640077266,0.624204328130619,-0.0679389173362993,-0.0919810742319793,-0.075088294129438,1,1,1
SNAP,2020-Q4,2021-02-04,11539,479,24.08977035490605,13.040153642313296,18.719126440766097,38,73,8,49,0.8222757444579689,0.4827348097003047,1.1343817756138093,0.9741560593249052,0.7206468464659062,-0.1772939221061684,0.3775606500358623,2.301810881313522,0.0356688187503209,0.0874720147985185,0.0664889474916136,0.0555228495506867,0,0,0
SNAP,2021-Q1,2021-04-22,10862,512,21.21484375,11.875328285731442,17.215982323697293,17,84,0,41,0.520592677665911,0.8407179270061488,-0.6171750181446678,-0.382344602712576,0.4300914558676415,-1.0890912357950342,0.8759407080832009,-0.947804480540862,-0.3923570062535321,0.0636539065151284,0.0479143218585344,0.0727785835784631,0,0,0
SNAP,2021-Q2,2021-07-22,10596,453,23.39072847682119,12.68212772177804,15.288788221970554,26,80,2,60,0.4020584150858705,0.2006875051563064,0.708488624605442,0.5572159614051505,0.0575678710514202,-0.698320958499806,0.6947115960659869,-0.135400640077266,0.624204328130619,0.227920834861287,0.1665341560830091,0.1778545994099975,0,0,0
SNAP,2021-Q3,2021-10-21,10545,407,25.90909090909091,13.935457658495393,15.931721194879088,83,62,6,62,0.3793319211325544,-0.2983192644215366,2.242807733782245,2.016784882447099,0.1818458021896704,1.7765574643699726,-0.1208194080114762,1.4894070408499258,0.7312107843815823,-0.2648405878653618,-0.2677731381672048,-0.2862899766737759,1,1,1
SNAP,2021-Q4,2022-02-03,11165,514,21.72178988326848,12.313246016012553,21.58531124048365,51,70,0,60,0.655614788800318,0.8624138735095332,-0.308316718151644,0.1276337281055805,1.274675854431364,0.387152033986939,0.2416388160229518,-0.947804480540862,0.624204328130619,0.5834609980739106,0.5233433951959499,0.6518686200857463,0,0,0
SNAP,2022-Q1,2022-04-21,10355,491,21.089613034623216,12.16631911297794,20.18348623853211,75,90,1,46,0.2946645907182397,0.6129104887206117,-0.6934721694984177,-0.043470412194409,1.0037052892225464,1.429206106774214,1.1477843761090218,-0.5416025603090641,-0.1248408656261239,0.0389961415553095,0.0253173233586697,0.0026645615719417,0,0,0
SNAP,2022-Q2,2022-07-21,6470,300,21.566666666666663,11.402464150943398,3.554868624420402,28,44,1,18,-1.4365595074902464,-1.4590524023526066,-0.4028259565596471,-0.9330198676948304,-2.2105803079556634,-0.6114831191008665,-0.9363504120889392,-0.5416025603090641,-1.6229312531396098,-0.3815475797983729,-0.3911991254899857,-0.4268179476111963,1,1,1
SNAP,2022-Q3,2022-10-20,5976,282,21.19148936170213,11.534944750370464,9.036144578313252,35,34,1,28,-1.6566945665674646,-1.654315920883067,-0.6314037422510166,-0.778739211101562,-1.1510582982724666,-0.3075506812045778,-1.3894231921319744,-0.5416025603090641,-1.0878989718847936,-0.3051169309631635,-0.1636793158896152,-0.153867446253915,1,1,1
SNAP,2022-Q4,2023-01-31,5708,287,19.88850174216028,10.579210837995053,9.635599159074982,21,27,1,19,-1.776120064204498,-1.6000760546246058,-1.425252466353067,-1.8917418406745676,-1.0351846718641144,-0.915415556997155,-1.706574138162099,-0.5416025603090641,-1.5694280250141284,-0.1135692082161917,-0.0628841501398091,0.0348005341738613,1,1,0
TSLA,2019-Q3,2019-10-23,9577,539,17.76808905380334,9.719591622227622,9.815182207371828,41,71,10,88,0.7964540381664688,-0.1842821432553515,0.8011025185376536,1.8572823963673115,-0.5234336327798035,-0.928069799082731,-1.016972064311688,-0.0417590394377337,1.7681307198222374,0.1750583995046705,0.2753474955937723,0.2226798104136383,0,0,0
TSLA,2019-Q4,2020-01-29,9802,520,18.85,9.725293035583082,11.018159559273618,31,83,6,76,1.37066656234523,-0.921410716276758,2.0302829744563176,1.87160936927197,-0.1275153713313181,-1.5142191458718242,-0.0070136004435284,-0.7099036704414745,0.5138902092094191,0.0997170357100219,0.3501903930376229,0.2454611666127693,0,0,0
TSLA,2020-Q1,2020-04-29,9163,531,17.25612052730697,8.923066350540239,8.403361344537815,59,72,13,80,-0.2600970063224522,-0.494652068738049,0.21944493477158,-0.1442907704706357,-0.988085490610936,0.1269990251376367,-0.9328088589893414,0.4593494338150717,0.931970379413692,-0.013961970704556,-0.0162413812265123,0.0081600608378829,1,1,0
TSLA,2020-Q2,2020-07-22,9440,589,16.027164685908318,8.81539736437869,11.758474576271189,51,72,17,75,0.4468224123331785,1.7555298910115071,-1.1767961391769526,-0.4148501127311342,0.116133633357352,-0.3419204522936378,-0.9328088589893414,1.1274940648188123,0.4093701666583509,-0.0378449019548459,-0.0219789944430851,-0.0532200177621777,1,1,1
TSLA,2020-Q4,2021-01-27,9330,573,16.282722513089006,8.466888847218524,16.184351554126472,46,73,9,84,0.1660962894013395,1.1347900400461124,-0.8864518297568298,-1.2906105200368907,1.572757497212435,-0.6349951256881844,-0.8486456536669947,-0.2087951971886689,1.350050549617965,-0.0418465610553333,-0.0330387434443182,-0.0308298293056885,1,1,1
TSLA,2021-Q1,2021-04-26,9013,520,17.33269230769231,8.846880866016779,9.430822145789415,66,111,5,61,-0.6429053557749599,-0.921410716276758,0.3064396511624496,-0.335735821801731,-0.6499324127538135,0.537303567890002,2.349556148582177,-0.8769398281924097,-1.0539104290566037,-0.0451110004474567,-0.0887712399360084,-0.0736156121848414,1,1,1
TSLA,2021-Q2,2021-07-26,8539,513,16.64522417153996,8.863551712876852,11.008314790959128,82,81,8,64,-1.852579740044884,-1.1929844010741182,-0.4746065153412533,-0.2938439686118134,-0.1307554352853686,1.4751425227525512,-0.1753400110882217,-0.3758313549396042,-0.7403503014033992,-0.0149673175828754,0.0308412214545001,0.0869265994035022,1,0,0
TSLA,2021-Q3,2021-10-20,9683,556,17.415467625899282,9.05225272360088,8.468449860580398,62,86,25,61,1.0669719384462408,0.4752539483953804,0.4004823297490156,0.1803392030285357,-0.9666638636192878,0.3028438291743647,0.2454760155235114,2.463783326826294,-1.0539104290566037,0.0299627450687063,0.1767738488367221,0.1953476730579021,0,0,0
TSLA,2021-Q4,2022-01-26,9127,526,17.35171102661597,8.947923661496493,12.271283006464335,58,75,6,71,-0.3519710101910541,-0.6886332721647349,0.3280471944447829,-0.0818273077554048,0.2849067377031886,0.0683840904587274,-0.6803192430223015,-0.7099036704414745,-0.0087100035459218,-0.1106036419712058,-0.038878187306881,-0.0891793913168323,1,1,1
TSLA,2022-Q2,2022-07-20,9670,572,16.905594405594407,9.080213105955847,7.238883143743537,88,92,10,59,1.0337952148270235,1.0959937993607751,-0.1787947351501345,0.2506003146912934,-1.3713330920926057,1.826832130826007,0.7504552474575912,-0.0417590394377337,-1.26295051415874,0.0876215289420204,0.0825524202314659,0.0945011878474763,0,0,0
TSLA,2022-Q3,2022-10-19,8733,564,15.48404255319149,8.4426116727401,15.229588915607463,37,93,11,66,-1.3574809414196407,0.7856238738780779,-1.793847952044957,-1.3516161688592023,1.2585304975595983,-1.1625295377983684,0.8346184527799377,0.1252771183132013,-0.5313102163012628,-0.0580891696890615,-0.0767359910753985,-0.0249794936634071,1,1,1
TSLA,2022-Q4,2023-01-25,9102,522,17.436781609195403,8.882170723005572,16.040430674577017,61,88,3,68,-0.415772401766472,-0.8438182349060835,0.4246975683483363,-0.2470566130922802,1.5253909326405617,0.2442288944954553,0.4138024261682046,-1.21101214369428,-0.3222701311991264,0.0986824472642739,0.1533161676883462,0.229938868802977,0,0,0
UNH,2020-Q4,2021-01-20,8771,503,17.43737574552684,10.30350175181675,16.98780070687493,32,68,4,82,-0.2332587232771605,0.0025246911105117,-0.5209464222607892,0.3313688648082468,0.7600877575478997,0.6694386813952032,-0.66323316744474,-0.5443310539518171,1.098159117773044,0.0109455596419255,-0.0099388716712694,-0.0261832906114399,0,1,1
UNH,2021-Q1,2021-04-15,9424,506,18.624505928853758,10.457838248707812,11.6723259762309,24,71,6,64,0.5619045694721888,0.0706913510943447,1.0527161997206445,0.768658933080149,-0.992371785710376,-0.7911548052852397,-0.3998905862534462,0.2721655269759088,-0.0958125404768426,-0.000778303844919,0.0256144844263661,0.0253995515503112,0,0,0
UNH,2021-Q2,2021-07-15,9187,519,17.70134874759152,9.693697107763793,13.497333188200718,31,91,2,47,0.2733077848143085,0.3660802110242878,-0.1710231767770871,-1.3964241057595796,-0.3906849247619876,0.4868644955601479,1.3557266216885124,-1.3608276348795432,-1.223452439935069,0.0070104908327028,-0.0083674310375417,-0.0118223534031519,0,1,1
UNH,2021-Q3,2021-10-14,7974,483,16.509316770186334,9.866020692311228,21.193880110358663,18,69,6,61,-1.2037719611350952,-0.4519197087817082,-1.751183628760626,-0.9081702347079648,2.1467906136151087,-1.886599920295572,-0.5754523070476422,0.2721655269759088,-0.2948078168518238,0.0107253192647904,-0.0088323056813129,0.0270834389003317,0,1,0
UNH,2021-Q4,2022-01-19,7940,461,17.2234273318872,10.264319151375254,15.239294710327457,27,65,5,47,-1.2451740315079558,-0.9518085486631502,-0.8045569531912502,0.2203506522189946,0.183622592088881,-0.2434322477800736,-0.926575748636034,-0.1360827634879542,-1.223452439935069,0.0121057594901293,0.0258236547790066,0.0318211719871061,0,0,0
UNH,2022-Q1,2022-04-14,10196,580,17.579310344827586,9.99712025645469,12.553942722636329,36,95,5,79,1.5019751085265498,1.7521356306955589,-0.3327975765633929,-0.5367186434801554,-0.7017114479182507,1.3997354247354248,1.706850063276904,-0.1360827634879542,0.899163841398063,-0.0017950458712842,0.0051158276369821,0.0008866318470882,0,0,0
UNH,2022-Q2,2022-07-15,9024,492,18.341463414634145,10.253655623075003,11.63563829787234,33,81,11,50,0.0748213886150069,-0.2474197288302092,0.6775143631278093,0.1901370921579118,-1.004467351077058,0.8520128672302586,0.477918017717533,2.313406979295224,-1.024457163560088,-0.0113375885864672,-0.0444358918550638,-0.0416047545341825,1,1,1
UNH,2022-Q3,2022-10-14,8201,433,18.93995381062356,10.87243065559326,15.48591635166443,29,63,4,83,-0.9273522559986448,-1.5880307085122582,1.470874669361421,1.9433463567549076,0.2649313125392626,0.1217161238900371,-1.1021374694302295,-0.5443310539518171,1.1644908765647046,-0.0086447655318517,-0.0163825033434818,-0.0064387780797251,1,1,1
UNH,2022-Q4,2023-01-13,9946,549,18.116575591985427,9.970356834815345,13.874924592801126,25,77,5,76,1.1975481204908112,1.0477468108626178,0.3794025253432754,-0.6125489150724898,-0.2661967663234831,-0.6085806194501844,0.1267945761291413,-0.1360827634879542,0.7001685650230819,-0.0073399048040399,0.0141004101501773,-0.0130254335004959,1,0,1
UPS,2020-Q4,2021-02-02,9779,732,13.359289617486338,8.018174692357928,32.109622660803765,40,58,6,114,0.7508351822705396,1.4088023247705488,-0.8893596979478949,-1.1215852877186188,0.0385071899927518,0.1443375672974064,0.1847652567558095,-0.8442212371213508,-0.3291703981385652,-0.0044044515989215,0.0093714277265109,0.0185604262296542,1,0,0
UPS,2021-Q1,2021-04-27,8250,618,13.349514563106796,8.421741001968293,29.57575757575757,26,35,12,85,-2.0105045500004284,-0.8855328898557735,-0.899920998339825,-0.0421249807213631,-0.3243147629932109,-1.2028130608117205,-2.0816885594487875,0.6566165177610506,-1.7433839605116603,0.0221286587700582,0.0506481073608521,0.1085015691838684,0,0,0
UPS,2021-Q2,2021-07-27,10014,697,14.36728837876614,8.398245061195947,29.958058717795087,30,67,9,116,1.175239915484194,0.7044011623852744,0.1997163623193149,-0.1049719895903471,-0.2695733926647722,-0.8179128813519699,1.0716384891836954,-0.09380235968015,-0.2316384283197311,-0.0157281440470864,-0.0184830770689585,-0.0102028559143177,1,1,1
UPS,2021-Q3,2021-10-26,9267,663,13.97737556561086,8.221944142416895,29.459371965037228,35,50,9,106,-0.1738253428587839,0.0201257474967221,-0.2215586696655547,-0.5765421860541553,-0.3409799180680519,-0.3367876570272817,-0.6035665054023112,-0.09380235968015,-0.7192982774139018,-0.022441904796753,-0.0283099984408681,-0.0539779766674595,1,1,1
UPS,2021-Q4,2022-02-01,9351,714,13.096638655462185,8.243875644736033,48.65789755106405,32,61,10,145,-0.0221232254547543,1.0465388698295506,-1.1731367083317956,-0.5178797415870133,2.40804037850636,-0.6254627916220946,0.4803896675651048,0.1563372661335834,1.182575134053364,-0.0035586435275027,-0.0161927886335738,-0.0193606159729322,1,1,1
UPS,2022-Q1,2022-04-26,9090,626,14.52076677316294,8.439450564096898,30.473047304730475,58,65,2,120,-0.4934833759601321,-0.7245269098819965,0.3655396267185512,0.005244606176482,-0.1958326217057799,1.876388374866284,0.8745555486441652,-1.844779740376285,-0.0365744886820628,0.0154889320724459,-0.0069182360135525,-0.0276055338796207,0,1,1
UPS,2022-Q2,2022-07-26,9837,656,14.995426829268292,8.473086956589615,27.44739249771272,48,59,12,145,0.8555818823828457,-0.1207544849803327,0.8783784552237555,0.0952153240035577,-0.6290735202138146,0.9141379262169076,0.2833067270255746,0.6566165177610506,1.182575134053364,-0.0129108063851429,0.0196169816080621,0.0221790105509108,1,0,0
UPS,2022-Q3,2022-10-25,9318,590,15.793220338983051,9.28340048970735,27.04443013522215,39,54,15,135,-0.0817204858634802,-1.449053819763993,1.7403416300234509,2.262644255491439,-0.6867733528534831,0.0481125224324688,-0.2094006243232508,1.4070353952022512,0.6949152849591933,0.0194501839983789,-0.0096338248809757,0.0034345019419006,0,1,0
V,2020-Q2,2020-04-30,10300,507,20.315581854043398,11.01189081885856,22.233009708737864,100,96,6,81,0.8249446669149936,-1.6351184251511932,2.2072609897955986,2.1806189462563075,-1.4190751131070858,1.8724307408536855,0.7133633679656537,-0.1032537456883155,0.8591777827227568,0.0088483443379541,0.0132023549154759,0.0320210107663928,0,0,0
V,2021-Q1,2021-01-28,10176,563,18.074600355239788,10.092179207437969,19.45754716981132,67,89,9,66,0.5333265965072856,-0.1918615314976008,0.449285203180664,0.1435572654555247,-1.745174079699782,0.4391525706641377,0.3156475079494043,0.593709037707814,-0.2779692826455983,-0.0050536807445698,0.0117666383903275,0.0329778581925127,1,0,0
V,2021-Q3,2021-07-27,9545,539,17.708719851576994,10.19773654916512,32.37297014143531,25,69,4,55,-0.9506331004867764,-0.8104002002062832,0.1622640624095068,0.3773553531272071,-0.2276950919332592,-1.3850196459407416,-0.820683520668451,-0.5678956012857352,-1.111877130582392,-0.0154910571877454,-0.0169537201722916,-0.0600294296417234,1,1,1
V,2021-Q4,2021-10-26,10261,610,16.821311475409836,9.58394528221704,36.64360198811032,42,101,9,59,0.7332260802545048,1.0194433613902354,-0.5338784264838656,-0.9821258737965574,0.2740766352532331,-0.6466642249340048,0.9974461251201174,0.593709037707814,-0.8086379131508307,-0.0647614710311186,-0.0937050968591718,-0.1108622401045761,1,1,1
V,2022-Q1,2022-01-27,9210,556,16.56474820143885,9.779335014572672,37.24212812160695,37,53,16,69,-1.7384722423140515,-0.3722686432042999,-0.7351438200698636,-0.5493587632576411,0.3443995997589839,-0.8638275840536332,-1.7297483435627352,2.219955532298783,-0.0505398695719272,0.0811554957010199,0.0767972037784459,0.0875443458531072,0,0,0
V,2022-Q2,2022-04-26,10506,637,16.49293563579278,9.653530579073584,37.597563297163525,53,92,5,88,1.30940694517296,1.7152993636875031,-0.7914784000955732,-0.8280019723328504,0.3861609428915498,-0.168904834870822,0.4860971622420826,-0.3355746734870254,1.389846413227989,0.0618822438163494,0.0696742710694423,0.0364229064636557,0,0,0
V,2022-Q3,2022-07-26,9612,587,16.374787052810902,9.865610990845733,42.44694132334582,70,69,3,50,-0.7930652721213213,0.4266771372110815,-0.8841620515295062,-0.3582668132842581,0.9559316174281984,0.5694505861359148,-0.820683520668451,-0.8002165290844451,-1.4909261523718436,-0.0354727604599971,-0.0557677756180566,-0.0732445585894581,1,1,1
V,2022-Q4,2022-10-25,9824,583,16.850771869639793,9.7115432904774,45.093648208469055,74,106,3,81,-0.2944924420694336,0.3235873590929677,-0.5107677226480486,-0.6995100951698202,1.266902624245057,0.7431812734316177,1.2815288822745812,-0.8002165290844451,0.8591777827227568,0.0535778040052216,0.0663107715626001,0.0656034868587203,0,0,0
V,2023-Q1,2023-01-26,10109,552,18.31340579710145,10.350509973195951,35.71075279453952,44,76,3,78,0.3757587681418305,-0.4753584213224136,0.6366201654410876,0.7157319530020722,0.1644728651631047,-0.5597988812861533,-0.4229676606522016,-0.8002165290844451,0.6317483696490858,0.0276519130219787,0.0202016642342655,-0.0081387523713479,0,0,1
WMT,2022-Q1,2021-05-18,11269,620,18.175806451612903,9.88476190413046,12.867157689235958,64,54,0,65,-0.1972115331175295,-1.1329378800892065,1.1251787715864543,1.7168762704528122,-0.9279059182160942,0.3210863765207339,-1.2432670508543648,-0.7741129997161835,-0.5273504881351805,0.0026921676443179,-0.0084101825703511,-0.0122631501455944,0,1,1
WMT,2022-Q2,2021-08-17,10997,657,16.73820395738204,8.918303905646237,19.096117122851687,36,65,2,61,-0.5926036977954283,-0.3518440621395045,-0.2144468773101442,-0.5023731376299145,0.7302270641724431,-1.265458072169952,-0.1192173884380902,-0.1935282499290458,-0.8995978915247193,0.0003278323548651,0.006508159380261,-0.020794794857849,0,0,1
WMT,2022-Q4,2022-02-17,10752,713,15.079943899018232,8.556169230557185,20.554315476190474,45,76,1,72,-0.9487473755383886,0.8303519866492333,-1.75969162725991,-1.3339324651931077,1.1183957158234916,-0.7554973565193743,1.0048322739781843,-0.4838206248226147,0.1240824677965125,6.692072521109326e-05,0.0069944553617328,-0.0195797300338786,0,0,1
WMT,2023-Q1,2022-05-17,10880,623,17.463884430176567,9.109688010595324,11.76470588235294,70,55,0,79,-0.7626804745134951,-1.0696059489040952,0.4617763333201809,-0.0629033807539388,-1.2213757540640156,0.6610601869544523,-1.1410807179074307,-0.7741129997161835,0.7755154237282055,-0.0275987126914497,-0.0467280998680277,-0.0196277051006983,1,1,1
WMT,2023-Q2,2022-08-16,12263,697,17.593974175035868,9.17720093457664,14.515208350322109,84,74,4,87,1.2477142451539094,0.4925816869953082,0.583000078807053,0.0921245840603166,-0.4891990704805437,1.4543324112997953,0.8004596080843163,0.3870564998580918,1.5200102305072831,0.0081743518002159,0.000731888215051,0.0018463655242264,0,0,0
WMT,2023-Q3,2022-11-15,12267,732,16.758196721311474,9.176366340117209,19.32012717045733,51,73,9,60,1.253528835810937,1.2314542174882692,-0.1958166791436243,0.09020812906384,0.7898579627647183,-0.4155235460856559,0.6982732751373822,1.838518374325936,-0.992659742372104,0.0148177123565134,0.0250962031766556,0.0252868650965679,0,0,0
XOM,2020-Q4,2021-02-02,13339,656,20.333841463414632,11.450558723574764,20.541269960266888,92,80,10,197,1.7586447466815716,1.8002393285879172,0.9345327019754984,1.2317776806891685,2.0389693935348903,2.1290397098322527,1.3064973614301645,0.6708203932499369,1.5558375625133885,0.0384423955465709,0.0785302638404378,0.1056183953670882,0,0,0
XOM,2021-Q1,2021-04-30,12075,612,19.730392156862745,10.791587211127084,16.231884057971016,54,66,7,181,0.7409246002653769,0.8547555432817969,0.2842279950590144,0.318577207248549,0.9495968240309344,-0.1679053398921335,0.2579708165881215,0.0,1.193897968003004,0.0254463829288208,0.0688785747976566,0.0791205063716415,0,0,0
XOM,2021-Q2,2021-07-30,12578,596,21.104026845637584,11.915918523729603,13.11814278899666,55,68,2,165,1.145919247138277,0.5109432577159349,1.7645198671273583,1.8766717038664928,0.1624720680080486,-0.1074594175309655,0.4077603229941276,-1.118033988749895,0.8319583734926196,0.002272063231533,-0.0137518183356311,-0.0040388571911073,0,1,0
XOM,2021-Q3,2021-10-29,11341,580,19.55344827586207,9.82951513532204,8.553037651000794,42,65,6,133,0.1499383760015423,0.1671309721500729,0.0935451366557046,-1.014658992668238,-0.9915439396056568,-0.8932564082261503,0.1830760633851184,-0.2236067977499789,0.1080791844718507,0.0162725739812566,-0.0202866626897477,-0.0116761125039531,0,1,1
XOM,2021-Q4,2022-02-01,10170,522,19.48275862068965,10.499167784728154,12.487708947885938,39,33,7,76,-0.7929020444520684,-1.0791885630261768,0.0173667153868215,-0.0866566360762604,0.0031042720009311,-1.0745941753096544,-2.213556039110979,0.0,-1.181330620971394,-0.0123124236838927,0.0165584391715848,-0.0026145867838041,1,0,0
XOM,2022-Q1,2022-04-29,9875,507,19.47731755424063,10.352056200680057,10.227848101265824,49,58,7,97,-1.0304237558387592,-1.4015125807441724,0.0115031721131314,-0.2905233672833825,-0.5681674759974025,-0.4701349516979738,-0.3411872090359029,0.0,-0.7062849031765143,0.0075877442838091,0.0342519206188807,0.0771445001957358,0,0,0
XOM,2022-Q2,2022-07-29,10161,554,18.34115523465704,10.042182657299923,8.46373388446019,70,59,4,102,-0.8001484695452216,-0.3915639918944528,-1.2128775608239268,-0.719945066364684,-1.0141190989969031,0.7992294178865554,-0.2662924558328998,-0.6708203932499369,-0.5931787798920191,-0.0223148240759426,-0.0669428683705436,-0.0910782447885999,1,1,1
XOM,2022-Q3,2022-10-28,10490,581,18.055077452667813,9.783293039266702,9.532888465204955,64,75,17,80,-0.5352513744732849,0.1886192399979392,-1.5211681266625772,-1.078713415665019,-0.743846791241327,0.436553883719547,0.9320235954151488,2.23606797749979,-1.0908457223437975,0.0082172554831091,0.0265270217240168,0.0471127919982025,0,0,0
XOM,2022-Q4,2023-01-31,10364,542,19.121771217712176,10.391018811794943,13.122346584330376,46,59,3,123,-0.6367013257774309,-0.6494232060688493,-0.3716499008310097,-0.2365291137466306,0.1635347482664856,-0.651472718781478,-0.2662924558328998,-0.8944271909999159,-0.1181330620971395,-0.0215754387662521,-0.0496968655459078,-0.0308235585341562,1,1,1
