ticker,quarter,date_parsed,word_count,sentence_count,avg_sentence_length,flesch_kincaid_grade,numeric_density,negative_count,uncertainty_count,litigious_count,forward_looking_count,word_count_zscore,sentence_count_zscore,avg_sentence_length_zscore,flesch_kincaid_grade_zscore,numeric_density_zscore,negative_count_zscore,uncertainty_count_zscore,litigious_count_zscore,forward_looking_count_zscore
AAPL,2019-Q3,2019-07-30,8355,440,18.988636363636363,10.239787082498516,26.21184919210054,18,30,3,67,-0.5945752477039877,-1.6476693323244531,1.7220395013088332,1.7649000145955054,2.1250019184711024,-1.9323985273224797,-2.0633079828058642,-0.402182983321936,1.3478309598585034
AAPL,2020-Q1,2020-01-28,8267,459,18.010893246187365,10.009808066315959,24.43449860892706,27,38,3,67,-0.8360908115586906,-1.0617334467652226,0.6520874888716999,1.1836400020031412,1.5291995386550756,-1.268959250912037,-1.5064634187715105,-0.402182983321936,1.3478309598585034
AAPL,2020-Q2,2020-04-30,8278,442,18.728506787330318,10.225605885955115,16.79149553032133,51,55,1,70,-0.8059013660768527,-1.5859918706866394,1.4373776523057482,1.7290577772548223,-1.0328832976100102,0.5002121528491431,-0.323168720198509,-1.6534189314346261,1.6099092020532122
AAPL,2020-Q3,2020-07-30,8109,468,17.326923076923077,9.551079628470053,21.211000123319767,36,66,6,56,-1.2697210284796343,-0.7841848693950608,-0.09638646711036879,0.02422771307010578,0.44862033990803485,-0.6055199745015944,0.4424925553487272,1.474670938847099,0.38687740514457053
AAPL,2020-Q4,2020-10-29,8970,494,18.157894736842106,9.559400092994977,19.175027870680047,40,49,5,55,1.0932892042351288,0.01762213189651771,0.8129523806314756,0.04525725478574172,-0.23387703840674334,-0.3106580738747311,-0.7408021432242743,0.849052964790754,0.29951799107966753
AAPL,2021-Q1,2021-01-27,9062,500,18.124,9.434865431988374,18.09755020966674,38,74,2,31,1.3457827482650455,0.2026545168099589,0.7758611025155429,-0.26949762949214773,-0.5950684435847254,-0.45808902418816283,0.9993371193830809,-1.0278009573782811,-1.797107946478004
AAPL,2021-Q2,2021-04-28,8835,518,17.055984555984555,9.272368888857525,19.015280135823428,42,60,2,50,0.7227823733216642,0.7577516715502826,-0.3928766295584141,-0.6801991981582062,-0.28742757677484176,-0.16322712356129943,0.024859132322962003,-1.0278009573782811,-0.13727907924484736
AAPL,2021-Q3,2021-07-27,8962,520,17.234615384615385,9.42221228545619,17.629993305065835,39,73,3,44,1.0713332438847012,0.8194291331880963,-0.19739950354649033,-0.30147779983426304,-0.7518025843321526,-0.38437354903144694,0.9297315488787867,-0.402182983321936,-0.6614355636342653
AAPL,2021-Q4,2021-10-28,9226,541,17.053604436229204,9.183584627717583,16.583568176891394,44,62,6,54,1.7958799354488097,1.4670424803851405,-0.39548121339708486,-0.9045968045347852,-1.1025845783675798,-0.015796173247867754,0.16407027333155041,1.474670938847099,0.21215857701476457
AAPL,2022-Q1,2022-01-27,8468,513,16.50682261208577,8.930139315990548,17.83183750590458,42,66,4,42,-0.28444730775419885,0.6035580174557482,-0.9938288802491918,-1.545166659694922,-0.6841404942806419,-0.16322712356129943,0.4424925553487272,0.22343499073440898,-0.8361543917640712
AAPL,2022-Q2,2022-04-28,8564,507,16.891518737672584,9.347075978232233,20.551144325081736,55,73,4,46,-0.02097578354906845,0.418525632542307,-0.5728528729495546,-0.49138091190111666,0.22742388117468795,0.7950740534760065,0.9297315488787867,0.22343499073440898,-0.4867167355044593
AAPL,2022-Q3,2022-07-28,8247,468,17.621794871794872,9.835649514324356,16.975870013338184,70,78,5,53,-0.8909807124347594,-0.7841848693950608,0.22629406594946588,0.7434633119552573,-0.9710773957250535,1.900806180826744,1.2777594014002578,0.849052964790754,0.12479916294986158
AAPL,2022-Q4,2022-10-27,8286,509,16.278978388998034,9.327036998777405,22.93024378469708,56,65,5,36,-0.7839454057264252,0.48020309418012075,-1.2431606123415067,-0.5420283911520293,1.0249441527954564,0.8687895286327223,0.37288698484443306,0.849052964790754,-1.360310876153489
AAPL,2023-Q1,2023-02-02,8374,529,15.829867674858223,9.242299237699555,20.778600429902077,61,46,2,51,-0.5424298418717224,1.096977710558258,-1.7346260124301294,-0.7561986788971576,0.3036715780773847,1.2373669044163016,-0.9496188547371569,-1.0278009573782811,-0.04991966517994438
ABNB,2021-Q2,2021-08-12,10453,594,17.597643097643097,8.641235024148145,9.279632641346982,23,87,0,48,-0.9671439737580202,-1.985751856818087,1.333033986567103,1.1556666615954472,-1.5159173901080287,-1.1774246154376093,-0.30674847717010023,-0.8475793795260129,0.30096463271442253
ABNB,2021-Q3,2021-11-04,10402,676,15.387573964497042,7.830673419107583,12.882138050374929,22,92,3,40,-1.0713136520297393,0.33488926801445296,-1.293658653795071,-1.6269173309141622,0.1922268380381282,-1.301364048641568,0.09335823218220492,0.6780635036208102,-1.1436656043148077
ABNB,2021-Q4,2022-02-15,11284,689,16.37735849056604,8.281164025890149,11.875221552640907,34,79,0,42,0.7302090192576394,0.7027957878049776,-0.11728833524812568,-0.0804242039094846,-0.28520717205919544,0.1859091498059383,-0.9469192121337885,-0.8475793795260129,-0.7825080450575002
ABNB,2022-Q1,2022-05-03,11304,686,16.47813411078717,8.176850211310288,13.446567586694975,41,77,1,54,0.7710598734818429,0.6178942832379335,0.0024846510321578294,-0.43852400637053385,0.4598536547097087,1.0534851822336504,-1.1069618958747105,-0.3390317518104052,1.3844373104863452
ABNB,2022-Q2,2022-08-02,10614,673,15.771173848439823,8.330746245760917,15.639721123045035,37,109,1,43,-0.6382945972531813,0.24998776344740883,-0.837745769946972,0.08978703045879813,1.4997473201478184,0.5577274494178149,1.4537210439800423,-0.3390317518104052,-0.6019292654288464
ABNB,2022-Q3,2022-11-01,11502,667,17.244377811094452,8.566879766216953,11.737089201877934,38,101,5,51,1.1754833303014585,0.08018475431332055,0.913174121390914,0.9004118491399477,-0.3507032507284287,0.6816668826217738,0.8135503090163542,1.6951587590520256,0.8427009716003839
AMZN,2020-Q2,2020-07-30,6239,362,17.234806629834253,9.154537877459152,9.616925789389326,29,74,5,34,-0.13914697441149348,0.6289377015241929,-1.1464872043114398,-1.7273929000968784,-1.6326209859765384,-0.2404814448168609,1.392888681268506,0.4827976027072381,-0.6874628859001182
AMZN,2020-Q4,2021-02-02,6738,349,19.306590257879655,9.917817503981532,17.661027010982487,24,56,3,40,0.5490030774352409,0.1670060563369323,0.9161445079410987,0.2605935402977672,0.8218411294270547,-0.9919859598695506,-0.09066139345534666,-0.32186506847149193,0.011651913320341153
AMZN,2021-Q1,2021-04-29,5657,302,18.7317880794702,10.012013640639136,14.49531553827117,17,45,2,29,-0.941758858529328,-1.5030545070323948,0.34388146588890833,0.5059304206571544,-0.14409883875866955,-2.044092280943316,-0.9972753280088121,-0.724196404060857,-1.2700585519171674
AMZN,2021-Q2,2021-07-29,6248,340,18.376470588235293,9.413444081336237,16.48527528809219,27,56,5,34,-0.12673545043028986,-0.15279277494655585,-0.009866442636928497,-1.0530633297050158,0.463089047440798,-0.5410832508379367,-0.09066139345534666,0.4827976027072381,-0.6874628859001182
AMZN,2021-Q3,2021-10-28,7088,378,18.75132275132275,9.83841379594189,12.697516930022573,33,45,3,38,1.0316734544820485,1.1974689571392831,0.3633298451048073,0.05378401805351591,-0.6926534197510691,0.3607221672252908,-0.9972753280088121,-0.32186506847149193,-0.2213863530864786
AMZN,2021-Q4,2022-02-03,6812,377,18.06896551724138,9.7466235159417,15.854374633000587,35,54,2,36,0.6510533857251374,1.16193575366334,-0.31601313794067737,-0.18528673093503284,0.27058503563785374,0.6613239732463667,-0.25550029064688584,-0.724196404060857,-0.4544246194932984
AMZN,2022-Q1,2022-04-28,5838,329,17.74468085106383,9.626380858132471,20.212401507365538,38,62,2,56,-0.6921493206851217,-0.5436580131819303,-0.6388653060920836,-0.49846261690865257,1.6003310900915304,1.1122266822779805,0.40385529811927084,-0.724196404060857,1.8759580445748991
AMZN,2022-Q2,2022-07-28,5956,329,18.103343465045594,10.252639510772664,17.797179314976493,35,51,4,53,-0.5294204507093409,-0.5436580131819303,-0.28178705159495676,1.1326482713786554,0.8633846981704644,0.6613239732463667,-0.5027586364341946,0.08046626711787308,1.5264006449646697
AMZN,2022-Q3,2022-10-27,5208,305,17.075409836065575,9.736348849892533,13.82488479262673,30,47,2,36,-1.5609559993693756,-1.3964548966045653,-1.3051798772373449,-0.21204743052083264,-0.34866449760056,-0.09018054180632297,-0.8324364308172729,-0.724196404060857,-0.4544246194932984
AMZN,2022-Q4,2023-02-02,7615,372,20.47043010752688,10.479416689401912,11.03086014445174,38,81,10,43,1.7584371364925275,0.9842697362836242,2.074843200878634,1.7232967577793101,-1.2011932586808625,1.1122266822779805,1.969824821438893,2.4944542806540633,0.3612093129305708
BA,2019-Q2,2019-07-24,12792,618,20.699029126213592,11.72978875157197,20.55972482801751,60,98,34,141,1.5485650645636422,-0.34224738936460797,2.358753918501872,2.103164564484657,-0.34329535638177433,-0.05420770854544925,0.9199678637924765,2.447216096329287,1.5129675346489582
BA,2021-Q1,2021-04-28,12222,686,17.816326530612244,10.11517307533881,17.263950253640978,62,79,15,135,1.167752122652349,0.8755165774443475,0.7662004699199992,0.7379724201763996,-1.4508052388693227,0.10841541709089908,-0.41320590492373915,-0.10445434557503065,1.2646385168038405
BA,2021-Q2,2021-07-28,12194,761,16.02365308804205,9.386134031530425,18.123667377398718,46,112,16,128,1.1490455219970575,2.2186385996601072,-0.22416470944417552,0.12155429036908967,-1.1619064719123666,-1.1925695879998877,1.9023064302149513,0.029844098735722906,0.9749213293178698
BA,2021-Q3,2021-10-27,9731,592,16.4375,9.820050314932391,24.25238927140068,42,88,16,105,-0.4964672427880563,-0.807863023732738,0.0044656486889381826,0.4884398038120157,0.8975851320936515,-1.5178158392725842,0.2182974592049946,0.029844098735722906,0.02299342757825171
BA,2021-Q4,2022-01-26,9691,619,15.655896607431341,8.817728465158773,22.598287070477763,75,85,11,91,-0.5231909580099015,-0.3243390957350645,-0.42733233843531054,-0.35904479300039954,0.34174173539741814,1.1654657337271632,0.00779633782875002,-0.6416481228180448,-0.5564409473936898
BA,2022-Q1,2022-04-27,9867,639,15.44131455399061,8.596738699937795,21.587108543630283,72,69,16,89,-0.40560661103378287,0.03382677685580477,-0.5458785213583284,-0.5458963737778416,0.001945979902024001,0.9215310452726407,-1.114876309511221,0.029844098735722906,-0.6392172866753957
BA,2022-Q2,2022-07-27,9448,604,15.642384105960264,8.557866171603703,23.708721422523286,61,89,7,85,-0.6855375279826106,-0.5929635001782164,-0.43479734049607344,-0.5787639292538976,0.7148913519717618,0.027103854272724916,0.28846449966374277,-1.178841900061059,-0.8047699652388075
BA,2022-Q3,2022-10-26,8660,579,14.956822107081175,8.31765108602086,19.7459584295612,76,78,13,75,-1.2119947178529595,-1.040670840916803,-0.8135371130961053,-0.7818709302630199,-0.6167528723580172,1.2467772965453374,-0.4833729453824873,-0.3730512341965378,-1.218651661647337
BA,2022-Q4,2023-01-25,9662,636,15.19182389937107,7.8402130090412925,26.392051335127306,52,66,14,91,-0.5425656515457391,-0.019898104032825617,-0.683710014280828,-1.1855550525470044,1.6165957401566193,-0.7047002110908426,-1.3253774308874655,-0.23875278988578422,-0.5564409473936898
BYND,2020-Q4,2021-02-25,13121,778,16.86503856041131,9.323914310197086,24.617026141300205,78,94,4,63,1.579247093884638,2.0460443639251533,-1.4298967230424093,-1.4116427841942252,1.3448948403355931,0.11657357343480679,0.6482995193050903,-0.762706965541453,-0.74611449955767
BYND,2021-Q1,2021-05-06,11651,644,18.091614906832298,9.848806358561287,23.08814694017681,55,74,5,70,0.31825131549766467,0.3025153034102373,-0.13598733563059345,-0.36600329367629086,0.8379029390378677,-0.8584054043835772,-0.9981754503586312,-0.4415671905766307,-0.43889088209274707
BYND,2021-Q2,2021-08-05,11773,658,17.89209726443769,9.68665436387321,19.451286842775843,59,98,3,63,0.4229053869012094,0.4846750560013479,-0.3464575205497231,-0.6890269128004703,-0.3681168787347266,-0.6888438430238583,0.9775945132378346,-1.0838467405062753,-0.74611449955767
BYND,2021-Q3,2021-11-10,11369,619,18.366720516962843,10.203100089904574,21.110036062978274,107,104,9,73,0.07634600290914327,-0.02276996907388883,0.154220226675841,0.33978662615583943,0.18194124247499172,1.3458948932927692,1.471537004136951,0.8429919092826585,-0.30722361746492294
BYND,2021-Q4,2022-02-24,10941,594,18.41919191919192,10.405174822283122,21.935837674801206,72,76,10,99,-0.29080106726066934,-0.348055241558015,0.20957205219650207,0.7423404862673627,0.45578546049116936,-0.13776876860477166,-0.833527953392259,1.164131684247481,0.8338926759762194
BYND,2022-Q1,2022-05-11,10233,549,18.639344262295083,9.835561515489943,19.642333626502495,48,71,5,71,-0.8981378095041911,-0.933568732029442,0.4418096819478585,-0.39238839705949397,-0.3047638211176042,-1.1551381367630853,-1.2451466958081894,-0.4415671905766307,-0.39500179388347234
BYND,2022-Q2,2022-08-04,9247,531,17.41431261770245,9.97663281773104,20.114631772466748,70,82,4,72,-1.74394858330661,-1.1677741282180127,-0.8504702070619279,-0.11135970732835823,-0.14814494970784067,-0.22254954928463114,-0.3395854624931426,-0.762706965541453,-0.35111270567419767
BYND,2022-Q3,2022-11-09,11905,593,20.075885328836424,10.980422681122995,14.531709365812684,113,90,11,129,0.5361376608788151,-0.36106665245738,1.9572098254644523,1.8882939826356293,-1.9994988327794492,1.6002372353323475,0.3190045253723461,1.485271459212303,2.1505653222544607
COST,2020-Q1,2019-12-12,11148,565,19.730973451327433,9.411131543779533,24.040186580552565,40,94,2,52,0.5763941973606201,-1.9323616536216388,2.6923706099945064,2.5053579250145503,-1.1576904062317546,-1.526474100760034,0.46036643893465123,-1.710731809903492,1.9956726611010578
COST,2020-Q2,2020-03-05,11490,705,16.29787234042553,8.226379377457665,23.237597911227155,58,88,7,41,1.0150386466203714,0.6589279202004827,0.18812377368573555,0.2088813127633214,-1.341654037172093,0.493859267892952,0.0541607575217235,0.6010679332093349,0.4605398448694746
COST,2021-Q2,2021-03-04,10473,708,14.792372881355933,7.902089114906534,36.85667907953786,58,90,8,44,-0.28935142617836274,0.7144555539252425,-0.9100501908000246,-0.4197100709026179,1.7800142812947934,0.493859267892952,0.18956265132603276,1.0634278818319003,0.8792124311144518
COST,2021-Q3,2021-05-27,11821,727,16.25997248968363,8.383043829394719,29.100752897386005,49,101,9,42,1.4395746486817096,1.0661305675153876,0.1604780451589555,0.5125534731287655,0.0022563882346377166,-0.516307416433541,0.9342730672497336,1.5257878304544656,0.6000973736178004
COST,2021-Q4,2021-09-23,9258,601,15.40432612312812,7.917245040709346,29.271980989414562,45,66,5,33,-1.8476935485485317,-1.266030048924522,-0.46366602669531426,-0.3903324254063214,0.04150406607070263,-0.9652703872453157,-1.435260074325678,-0.3236519640357958,-0.6559203851171315
COST,2022-Q1,2021-12-09,11364,718,15.827298050139277,8.018866275875887,27.80711017247448,52,114,7,36,0.8534327968930946,0.8995476663411084,-0.15513269899881488,-0.1933538534299097,-0.29426313902744916,-0.17958518832471002,1.8143853769777436,0.6010679332093349,-0.23724779887215416
COST,2022-Q2,2022-03-03,10821,705,15.348936170212767,7.895031316879855,35.578966823768596,60,92,5,35,0.1569885397350684,0.6589279202004827,-0.5040697636872393,-0.433390626687192,1.4871462221607779,0.7183407532988393,0.324964545130342,-0.3236519640357958,-0.3768053276204799
COST,2022-Q3,2022-05-26,9997,642,15.571651090342678,8.18469851787387,26.607982394718416,44,84,3,36,-0.899862414036964,-0.5071523880194719,-0.3416122315268855,0.1280887875975901,-0.5691186265125142,-1.0775111299482594,-0.21664303008689498,-1.2483718612809267,-0.23724779887215416
COST,2022-Q4,2022-09-22,10313,669,15.415545590433483,7.654713136828239,28.410743721516532,65,68,5,28,-0.4945652036098253,-0.007403684496634213,-0.45548208028741377,-0.8992138559459125,-0.1559025769072345,1.2795444668135576,-1.299858180521369,-0.3236519640357958,-1.3537080288587602
COST,2023-Q1,2022-12-08,10301,654,15.750764525993883,7.592977035598729,29.9970876613921,65,75,6,30,-0.5099562369171851,-0.28504185312043295,-0.21095943684351293,-1.0188806661322947,0.20770782809013486,1.2795444668135576,-0.8259515522062866,0.13870798458676953,-1.0745929713621087
CVX,2020-Q4,2021-01-29,11453,725,15.797241379310345,8.559726052916353,13.70819872522483,82,91,10,86,1.705649033327461,1.911949268974908,-0.6203574302813453,-0.5222809163339471,-0.010023912196825201,1.8762333001649993,0.9927774215608205,-0.1304171741330692,-0.7967902076882185
CVX,2021-Q1,2021-04-30,9348,615,15.2,8.26140603971903,13.906718014548566,50,54,13,82,-0.6208639847540588,0.17381356990680982,-1.1842883415426995,-1.1627473938581259,0.0722135180966893,0.18498074790359148,-1.4560735516225367,0.3912515223992076,-0.9929231818883953
CVX,2021-Q2,2021-07-30,9180,564,16.27659574468085,9.198222756043624,17.755991285403052,18,66,2,115,-0.806542933465553,-0.632049345115672,-0.16773851698259096,0.8485145927566046,1.6667907673450617,-1.5062718043578163,-0.6618516143738803,-1.5215336982191408,0.6251738552630637
CVX,2021-Q3,2021-10-29,10891,587,18.55366269165247,9.4901960945598,13.497383160407677,35,87,9,143,1.0845087406140101,-0.2686209716741606,1.9823275750414042,1.4753553254524017,-0.09735512507542005,-0.6077938859689435,0.7280367758112684,-0.30430673964382815,1.9981046746643016
CVX,2021-Q4,2022-01-28,9227,558,16.53584229390681,8.768847660718375,16.47339330226509,59,80,22,92,-0.7545970370998374,-0.7268567468830228,0.0770488467382146,-0.07331546447684151,1.1354692892548262,0.6606455282271124,0.26474064574955214,1.956257611996038,-0.5025907463879532
CVX,2022-Q1,2022-04-29,9947,636,15.63993710691824,8.134926058661172,11.259676284306826,46,94,7,87,0.04116988594942357,0.5056394760925377,-0.7688882333174966,-1.4342886393724534,-1.0243343816884414,-0.026425821129084495,1.1913329058729847,-0.652085870665346,-0.7477569641381743
CVX,2022-Q2,2022-07-29,10286,630,16.326984126984126,9.070082691759342,12.638537818393933,35,58,10,111,0.41584347888511725,0.4108320743251868,-0.12016049018531201,0.5734092965269786,-0.4531353325674292,-0.6077938859689435,-1.1913329058729847,-0.1304171741330692,0.4290408810628869
CVX,2022-Q3,2022-10-28,8946,517,17.3036750483559,8.940568187091756,10.619271182651465,47,78,13,102,-1.0651671834565628,-1.3747073256265867,0.802056590529837,0.2953531993053985,-1.2896248231684622,0.026425821129084495,0.13237032287477607,0.3912515223992076,-0.012258310887511054
ETSY,2020-Q2,2020-08-05,10232,491,20.83910386965377,10.209126467931164,19.155590304925724,28,95,7,58,0.5319430037014758,-1.3557634104067948,1.622659548528209,1.3838849633198516,-1.519126071736429,0.4340185399533711,1.6605351695102184,0.2738612787525829,-0.6620516813167399
ETSY,2020-Q4,2021-02-25,10416,569,18.305799648506152,9.545539847218937,25.537634408602152,26,80,9,53,1.0638860074029517,0.9233216329494562,-0.3480260516275117,-1.4169545753728472,0.8702730262145353,-0.048224282217041045,0.22903933372554783,1.18673220792786,-1.1959643275399168
ETSY,2021-Q1,2021-05-05,10096,532,18.977443609022558,9.922688868886777,23.177496038034867,21,71,6,64,0.13876774009603718,-0.15778281069389363,0.17445327413685766,0.17490074373047312,-0.013348647666464158,-1.2538313376430714,-0.6298581677452545,-0.18257418583505555,-0.021356505848927385
ETSY,2021-Q2,2021-08-04,9496,522,18.191570881226053,9.896435487570486,25.69502948609941,32,71,3,69,-1.5958290111044275,-0.449973200867772,-0.4368858833537046,0.06409153492496272,0.9292008007777399,1.3985041842941954,-0.6298581677452545,-1.5518805795979709,0.5125561403742497
ETSY,2021-Q3,2021-11-03,10000,573,17.452006980802793,9.832462593350524,22.5,24,71,7,77,-0.13876774009603718,1.0401977890190075,-1.0122008876838504,-0.2059226666024327,-0.2669991075893808,-0.5304671043874531,-0.6298581677452545,0.2738612787525829,1.3668163743313329
FDX,2019-Q4,2019-06-25,9966,448,22.245535714285715,12.118024581038323,12.743327312863737,86,79,32,122,0.2545999054397121,-1.6534318895667879,1.837070836080801,1.5479089051184367,-1.2835123144084861,1.106443529620988,0.5589174880355088,2.932852880091356,0.4082159974492215
FDX,2020-Q1,2019-09-17,9579,493,19.430020283975658,10.963832069070907,14.615304311514771,77,70,15,115,-0.5283414908116248,-0.6178241214762403,0.22310208460598435,0.15927636389324956,-0.5288013971109039,0.6585061837190656,-0.5494443102721964,0.7650920556760059,0.05776641473338068
FDX,2020-Q2,2019-12-17,9707,477,20.350104821802937,11.45769779311081,15.864839806325332,72,69,13,105,-0.26938412977759096,-0.9860402167973239,0.7505322228968064,0.7534562847355262,-0.025035549472856283,0.409652102662442,-0.6725956211952747,0.5100613704506706,-0.44287584628924903
FDX,2020-Q3,2020-03-17,9652,512,18.8515625,10.50601084785377,11.500207210940737,81,90,8,80,-0.3806548708469024,-0.18056750828245363,-0.108493607370482,-0.3915376807775935,-1.7846917162437896,0.8575894485643644,1.9135819081893708,-0.12751534261266764,-1.6944814988458234
FDX,2020-Q4,2020-06-30,9726,504,19.297619047619047,11.177484367924198,13.674686407567345,55,79,5,79,-0.23094514649910153,-0.3646755559429954,0.14720427355663485,0.4163258002905837,-0.9080232580772774,-0.4364517729300781,0.5589174880355088,-0.5100613704506706,-1.7445457249480862
FDX,2021-Q3,2021-03-18,9735,524,18.578244274809162,10.559177922385633,19.82537236774525,23,80,7,114,-0.212737207051396,0.09559456320835903,-0.2651708075440896,-0.327571289511684,1.5717026393884996,-2.029117891692469,0.6820687989585872,-0.2550306852253353,0.007702188631117709
FDX,2021-Q4,2021-06-24,10971,545,20.1302752293578,11.614808033885794,19.414820891441074,44,68,10,139,2.2878198104334944,0.5788781883172812,0.6245168975903407,0.9424788183577381,1.4061836818891928,-0.9839307512546499,-0.7957469321183531,0.12751534261266764,1.259307841187692
FDX,2022-Q1,2021-09-21,10318,476,21.676470588235293,11.940314656128326,16.86373328164373,63,77,5,119,0.9667326482833054,-1.0090537227548917,1.5108594002946671,1.3341024715555807,0.3776808362430836,-0.03828524323948041,0.3126148661893521,-0.5100613704506706,0.2580233191424326
FDX,2022-Q2,2021-12-16,9525,515,18.49514563106796,10.855082572784571,15.433070866141733,53,63,7,99,-0.6375891274978579,-0.11152699040975046,-0.3128063533643691,0.028437627877158464,-0.19910859264667047,-0.5359934053527275,-1.4115034867337448,-0.2550306852253353,-0.7432612029028268
FDX,2022-Q3,2022-03-17,9169,524,17.498091603053435,10.394292109266665,15.48696695386629,43,65,4,108,-1.357814287873765,0.09559456320835903,-0.884358555644548,-0.5259487727385352,-0.17737971145066084,-1.0337015674659746,-1.1652008648875882,-0.6375767130633383,-0.29268316798246014
FDX,2022-Q4,2022-06-23,10542,605,17.42479338842975,10.109214255444439,17.45399354961108,68,86,5,145,1.4199080300928648,1.9596885457713447,-0.9263760941271881,-0.8689317504442133,0.6156516385568789,0.21056883781714314,1.4209766644970572,-0.5100613704506706,1.5596931978012698
FDX,2023-Q1,2022-09-22,9442,578,16.335640138408305,9.314025048910345,18.428299089176022,97,70,4,131,-0.8055067912933643,1.338323884917016,-1.5507233422998858,-1.8256400960407682,1.0084550907483594,1.6539225079455597,-0.5494443102721964,-0.6375767130633383,0.8587940323695882
FDX,2023-Q2,2022-12-20,9590,557,17.217235188509875,9.7988339011374,15.745568300312824,67,72,2,124,-0.5060873425977626,0.8550402598080938,-1.045356954674684,-1.2423566823154792,-0.07312134741536838,0.16079802160581844,-0.3031416884260397,-0.8926073982886735,0.5083444496537475
GOOGL,2020-Q3,2020-10-29,7091,382,18.56282722513089,10.268648504747539,13.538287970667042,18,51,10,28,-0.8974783665015524,-1.1794631494912962,1.4452958262245497,0.6913592958405789,-1.0008582773477235,-1.8973665961010275,1.1168342430935863,2.146879341996403,-0.7637626158259733
GOOGL,2020-Q4,2021-02-02,8002,423,18.91725768321513,10.77687259243259,17.995501124718817,33,41,1,40,0.053001512460217434,-0.5381105085212278,1.899883801362591,1.8391540628466638,0.7988610460795925,0.6437493808199917,0.07306392244537509,-0.8257228238447705,0.5455447255899809
GOOGL,2021-Q1,2021-04-27,7644,457,16.72647702407002,9.71064376833186,16.483516483516485,28,35,3,31,-0.3205130832239907,-0.0062570989362929945,-0.9099834690615864,-0.5688621929516491,0.1883567059352294,-0.20328927815368142,-0.5531982699435517,-0.1651445647689541,-0.43643578047198467
GOOGL,2021-Q2,2021-07-27,8205,464,17.683189655172413,9.985320566868854,15.965874466788543,28,39,3,33,0.2647988949291958,0.10324213244884063,0.31708392269867247,0.051479502017604165,-0.020655137996060762,-0.20328927815368142,-0.13569014168426716,-0.1651445647689541,-0.21821789023599233
GOOGL,2021-Q3,2021-10-26,8694,510,17.04705882352941,9.60488301387971,14.95284103979756,29,38,4,30,0.7749906192017594,0.8228085101225759,-0.49880935081547384,-0.8077167523011048,-0.42969454688682285,-0.0338815463589468,-0.2400671737490883,0.1651445647689541,-0.5455447255899809
GOOGL,2021-Q4,2022-02-01,9184,548,16.759124087591243,9.624472193027284,20.034843205574912,29,41,7,41,1.2862256803337762,1.417232909070444,-0.8681107626905458,-0.7634757218966924,1.6223000926638456,-0.0338815463589468,0.07306392244537509,1.1560119533826787,0.6546536707079771
GOOGL,2022-Q1,2022-04-26,5766,335,17.211940298507464,9.591514889780036,12.140131807145336,22,30,4,17,-2.279899705276904,-1.9146722745057647,-0.2873344785565224,-0.8379078889632515,-1.5654013175143389,-1.219735668922089,-1.0750834302676573,0.1651445647689541,-1.963961012123931
GOOGL,2022-Q2,2022-07-26,8219,484,16.981404958677686,9.68740626726899,14.35697773451758,32,58,1,41,0.2794056109615391,0.41609707926350814,-0.5830161586735018,-0.6213427478182034,-0.6702903334398645,0.474341649025257,1.847473467547334,-0.8257228238447705,0.6546536707079771
GOOGL,2022-Q3,2022-10-25,8603,514,16.737354085603112,9.748037879913195,15.575961873764966,35,45,0,39,0.6800469649915277,0.8853794994855094,-0.8960326889720146,-0.4844097503580654,-0.17809280226263988,0.9825648444094608,0.4905720507046596,-1.1560119533826787,0.43643578047198467
GOOGL,2022-Q4,2023-02-02,8104,457,17.73304157549234,10.627463474320699,19.126357354392894,38,25,2,50,0.15942187212443315,-0.0062570989362929945,0.3810233584838226,1.5017221935841116,1.2554745707687807,1.4907880397936646,-1.596968590591763,-0.49543369430686224,1.6366341767699426
JNJ,2019-Q2,2019-07-16,11922,677,17.610044313146233,10.581823553108638,30.951182687468545,95,78,24,98,0.8386093153929179,0.5031983306683063,1.2472258629254789,0.32749355820985154,-0.8634998936971419,0.9032124291930954,-0.8755523704376043,1.3998453479740494,0.07242529885360013
JNJ,2020-Q4,2021-01-26,12655,732,17.288251366120218,10.498313052127173,40.77439747135519,113,107,11,126,1.3223208578724657,1.2020849010409536,0.8122930617097983,0.03207056921972966,0.8928743576593033,1.9589152685097,0.8059720496081264,-0.0917931375720689,1.339868028791607
JNJ,2021-Q1,2021-04-20,11420,684,16.695906432748536,10.217928597560881,35.551663747810856,86,113,11,83,0.5073361989880981,0.592147530533916,0.011684336322063555,-0.9598048555573732,-0.04094163186493575,0.37536100953479307,1.153873653755519,-0.0917931375720689,-0.6065618778989035
JNJ,2021-Q2,2021-07-21,12070,749,16.114819759679573,10.323550299892016,37.44821872410936,59,95,5,98,0.9362754931377653,1.4181043864288627,-0.7737078135144349,-0.5861622760234014,0.2981592022241932,-1.2081932494401137,0.1101688413133413,-0.7802416693625851,0.07242529885360013
JNJ,2021-Q3,2021-10-19,8876,577,15.383015597920277,10.114014002745222,40.44614691302389,85,76,28,80,-1.1714662076530606,-0.7675045245546888,-1.7628085286072737,-1.3274084483912034,0.8341837109280331,0.3167108517949817,-0.9915195718200684,1.8588110358343934,-0.7423593132494042
JNJ,2021-Q4,2022-01-25,12197,699,17.449213161659515,11.157463183111705,37.550217266540955,87,122,7,110,1.0200836321485462,0.7827529588173653,1.0298477510515518,2.363850400499882,0.31639636974460644,0.4340111672746044,1.6757260599766077,-0.550758825432413,0.615615040255603
JNJ,2022-Q1,2022-04-19,9474,558,16.978494623655912,10.572503368808956,25.332488917036102,60,75,2,74,-0.7768420570353668,-1.0089380670470578,0.3936282993508122,0.2945228937857216,-1.8681128724169076,-1.1495430917003024,-1.0495031725113004,-1.1244659352578432,-1.0139541839504056
JNJ,2022-Q2,2022-07-19,9190,553,16.61844484629295,10.557984031999354,31.664853101196954,64,74,18,80,-0.9642555332484521,-1.0724732098082075,-0.09301213106513388,0.24315994148587775,-0.7358968262488366,-0.914942460741057,-1.1074867732025326,0.7113968161835332,-0.7423593132494042
JNJ,2022-Q3,2022-10-18,9301,547,17.0036563071298,10.481778231673307,33.652295452101924,71,92,6,77,-0.8910058999398167,-1.1487153811215873,0.427636631658092,-0.026422267291698727,-0.3805454827242388,-0.5043913565623774,-0.06378196076035497,-0.665500247397499,-0.8781567485999049
JNJ,2022-Q4,2023-01-24,9407,598,15.73076923076923,10.387114756439733,44.43499521632827,76,99,6,138,-0.8210557996631017,-0.5006569249578597,-1.29278746983094,-0.3612995159373732,1.5473830663959283,-0.21114056786332058,0.34210324407826964,-0.665500247397499,1.8830577701936098
LULU,2020-Q4,2021-03-30,9174,484,18.954545454545453,10.955766878338917,30.521037715282322,25,59,1,121,-0.029019483139242092,-0.9662395799976476,1.4419924504936261,1.5649114098614345,-0.8259108516688184,-1.1059140211166623,-0.2159493488631279,0.13363062095621223,0.9088024466244518
LULU,2021-Q2,2021-09-08,9394,502,18.713147410358566,10.60955897657766,32.68043431977858,40,60,3,106,0.543929286532987,-0.28987187399929454,1.0626595333540345,0.7127872095848603,-0.28363718047441194,1.0053763828333302,-0.07852703595022816,2.004459314343183,0.24149995085125298
LULU,2021-Q3,2021-12-09,9259,525,17.636190476190475,10.071977434030938,35.74900097202722,29,62,1,83,0.19234708696139186,0.5743757503319346,-0.6296707290876042,-0.6103664206346068,0.48694979755215567,-0.5429032467299976,0.19631758987557135,0.13363062095621223,-0.7816972093343184
LULU,2021-Q4,2022-03-29,8772,480,18.275,10.619267950852052,41.03967168262654,26,57,0,139,-1.0759531440857697,-1.1165435146639484,0.3741546373499878,0.7366839834510378,1.8155577167012613,-0.9651613275199961,-0.4907939746889274,-0.8017837257372731,1.7095654415522903
LULU,2022-Q1,2022-06-02,9568,533,17.951219512195124,10.04810298102981,30.20484949832776,43,73,0,85,0.9970796770919318,0.874983619664536,-0.13463406210118525,-0.6691287974236134,-0.9053129146522239,1.4276344636233287,1.7079630319174686,-0.8017837257372731,-0.6927235432312253
LULU,2022-Q2,2022-09-01,8570,494,17.34817813765182,10.087741077603884,35.82263710618437,30,49,1,79,-1.6020242871484527,-0.5904797433318959,-1.0822533542619865,-0.571567242150505,0.5054415080229497,-0.4021505531333315,-1.5901724779921254,0.13363062095621223,-0.9596445415405048
LULU,2022-Q3,2022-12-08,9559,550,17.38,9.847318930233893,30.65174181399728,37,64,0,91,0.9736408637871588,1.5137753419963138,-1.0322484757468835,-1.1633201426885942,-0.7930880754809071,0.5831183020433317,0.47116221570137085,-0.8017837257372731,-0.4258025449219458
MA,2020-Q4,2021-01-28,10775,659,16.350531107739,9.409276236315524,12.714617169373549,41,63,9,91,1.9740533688327835,1.407042255872252,-0.7209331749053876,-0.4974483814924517,-1.4403007536361976,0.7611392533900253,0.10557434432865297,0.8693857647819642,1.1138923237036427
MA,2021-Q1,2021-04-29,10289,619,16.621970920840063,9.499452887439983,13.801146855865488,25,52,5,67,-0.009979130081419043,0.14700441479262225,-0.2622688857718469,-0.21974845732390033,-1.1619178819843166,-0.7199965910446188,-0.7654139963827324,0.023496912561674625,-0.26887056089398303
MA,2021-Q2,2021-07-29,10018,565,17.730973451327433,9.523169902635864,17.86783789179477,29,49,14,67,-1.1163017786529188,-1.5540466706648777,1.611663502709053,-0.14671166521337298,-0.1199793663804391,-0.3497126299359577,-1.002956271122201,1.9267468300573263,-0.26887056089398303
MA,2021-Q3,2021-10-28,10290,647,15.90417310664606,9.056333970215064,19.43634596695821,19,45,1,72,-0.005896758684476239,1.029030903548363,-1.4751647407594903,-1.5843377182532647,0.28189256367510696,-1.2754225327076103,-1.3196793041081594,-0.8223919396586149,0.01920504006385564
MA,2021-Q4,2022-01-27,10485,650,16.130769230769232,9.228828654856922,24.606580829756794,25,85,8,99,0.7901656637193705,1.1235337416293352,-1.0922748875577644,-1.0531385636249808,1.6065731923909221,-0.7199965910446188,1.8475510257514236,0.6579135517268918,1.5748132852361845
MA,2022-Q1,2022-04-28,10453,603,17.334991708126037,10.098146887376288,20.855256864058166,54,66,1,82,0.6595297790172008,-0.3570107216392296,0.9425550079735904,1.6239358701525752,0.6454357738272052,1.9645621269931737,0.3431166190681217,-0.8223919396586149,0.595356241979533
MA,2022-Q2,2022-07-28,10128,598,16.93645484949833,9.698781785860437,15.995260663507107,35,73,5,51,-0.6672409249892104,-0.5145154517741832,0.2691290176310009,0.3940869344956929,-0.5997577218929625,0.20571331172703383,0.8973819267935488,0.023496912561674625,-1.1907124839590668
MA,2022-Q3,2022-10-27,10124,589,17.188455008488965,9.906564965039887,17.38443303042276,27,56,1,45,-0.6835704105769816,-0.7980239660170999,0.6949452325203933,1.0339573708240113,-0.24383390542548766,-0.5348546104902883,-0.4486909633967741,-0.8223919396586149,-1.5364032051084733
MA,2022-Q4,2023-01-26,10061,599,16.796327212020035,9.716744926394934,22.36358214889176,40,66,0,71,-0.9407598085843782,-0.4830145057471925,0.032348928160433756,0.44940461043571295,1.0318880994261637,0.6685682631128601,0.3431166190681217,-1.0338641527136874,-0.0384100801277121
META,2019-Q2,2019-07-24,10459,521,20.07485604606526,10.478175603548188,12.716320871976288,45,85,41,92,-0.05278357742785675,-0.7281814742945442,0.9020905823862398,1.0902167958273459,-1.2064655294035054,-0.7831393427788632,1.295751803903972,2.4008894083425614,0.28126572574201675
META,2020-Q1,2020-04-29,10079,490,20.569387755102042,10.621937322354857,15.279293580712372,82,87,5,62,-1.7598269325415217,-1.7427264497161563,1.488161413664034,1.4119431348974536,1.3347441001858649,1.5583681871458186,1.4616080348036802,-0.5414771857113011,-1.186207625955462
META,2020-Q4,2021-01-27,10542,558,18.892473118279568,9.793154570282024,15.367103016505407,61,64,8,70,0.3200706290838122,0.48272704475705736,-0.49915454045075264,-0.4428012499232444,1.4218079159828394,0.22940445394532355,-0.4457386205429663,-0.29627996954014585,-0.7948813988361343
META,2021-Q1,2021-04-28,10563,579,18.243523316062177,9.187940494963478,13.25381047051027,29,54,7,62,0.41440723555062,1.1699994474620203,-1.2682266607883768,-1.7972182005704973,-0.6735399391531691,-1.79568313950305,-1.2750197750415082,-0.3780123749305309,-1.186207625955462
META,2021-Q3,2021-10-25,10411,542,19.20848708487085,10.03557387618486,13.159158582268756,56,57,5,110,-0.268410106494846,-0.04090907158958113,-0.12464555606979265,0.09971226796895996,-0.7673881057911864,-0.0870154825309848,-1.0262354286919457,-0.5414771857113011,1.1617497367605039
META,2021-Q4,2022-02-02,10821,545,19.855045871559632,10.036181058510333,14.508825432030312,56,71,8,102,1.5733998292856872,0.057272700225413586,0.6415929654654831,0.10107108969385616,0.5708182604572463,-0.0870154825309848,0.13475818760601307,-0.29627996954014585,0.7704235096411763
META,2022-Q1,2022-04-27,10284,529,19.440453686200378,10.050081813627276,13.321664721898093,60,73,14,111,-0.8389219646512551,-0.46636341612122495,0.1502586743074144,0.1321797818492299,-0.6062618614555148,0.1661204666500619,0.30061441850572146,0.19411446280216452,1.21066551515042
META,2022-Q2,2022-07-27,10607,582,18.225085910652922,9.72509905910779,13.858772508720657,70,64,5,81,0.6120648871953601,1.2681812192770152,-1.290076878514262,-0.5951036197430958,-0.07371484082257655,0.7989603396026786,-0.4457386205429663,-0.5414771857113011,-0.2568078365470588
MSFT,2021-Q2,2021-01-26,7485,419,17.863961813842483,10.919074324345914,36.87374749498998,16,63,9,59,-2.412558687131775,-2.3699219865172827,-0.2034498816249688,0.0008021552310027243,0.28836170809879785,-1.475162231396747,-0.8513685187517755,-0.5270462766947297,-1.5676224752902603
MSFT,2021-Q3,2021-04-27,8958,509,17.599214145383105,11.12003676946524,39.29448537620005,35,73,10,74,0.02910025746750154,0.32241575412647444,-0.8436577832328161,0.6282263178859269,0.8899247481422939,-0.462099012244764,0.22783101206033474,-0.21081851067789176,-0.5550433644568389
MSFT,2021-Q4,2021-07-27,8636,497,17.37625754527163,11.04182306956493,40.99119962945808,35,64,17,70,-0.5046500345630259,-0.03656261129269319,-1.3828072984584334,0.38403559290267425,1.311565022456015,-0.462099012244764,-0.7434485656705645,2.002775851439974,-0.8250644606790846
MSFT,2022-Q1,2021-10-26,9066,505,17.952475247524752,11.031720784856201,33.090668431502316,32,67,9,73,0.20812209454606354,0.2027562989867519,0.01059166205165031,0.3524952843613817,-0.6517485615099623,-0.6220563626371823,-0.41968870642693146,-0.5270462766947297,-0.6225486385124003
MSFT,2022-Q2,2022-01-25,9169,487,18.82751540041068,11.460233857085633,27.702039480859415,26,61,7,78,0.37885588361172917,-0.33571124914199957,2.1265975304382287,1.690354481738274,-1.9908443960390334,-0.9419710634220191,-1.0672084249141975,-1.1595018087284055,-0.28502226823459315
MSFT,2022-Q3,2022-04-26,9513,533,17.848030018761726,10.773943714031965,32.797224850204984,57,86,12,104,0.9490735868990008,1.0403724849648097,-0.24197585300311752,-0.4523096269119692,-0.7246704644622278,0.7109215572996372,1.6307904021160782,0.42163702135578407,1.470114857210004
MSFT,2022-Q4,2022-07-26,9090,499,18.216432865731463,10.943533677692265,37.2937293729373,68,64,14,95,0.2479047250079662,0.023267116277168085,0.6488890787915148,0.07716661866745819,0.39272888358781677,1.2974318420718378,-0.7434485656705645,1.0540925533894598,0.8625673907099513
MSFT,2023-Q1,2022-10-25,9447,532,17.757518796992482,10.30376514837512,35.35513919762888,60,83,8,95,0.8396713531287684,1.010457621179879,-0.4608484107787915,-1.9202525188307757,-0.08901852422076338,0.8708789076920557,1.3070305428724451,-0.8432740427115676,0.8625673907099513
MSFT,2023-Q2,2023-01-24,9100,503,18.09145129224652,10.675225218234303,38.02197802197802,64,77,10,92,0.264480821033759,0.14292657141689064,0.346660955816682,-0.7605183050439673,0.5737015839470625,1.0841553748819468,0.6595108243851788,-0.21081851067789176,0.660051568543267
NFLX,2020-Q4,2021-01-19,7855,402,19.539800995024876,9.2329073809037,8.020369191597707,18,71,2,32,-0.8804836451382396,-0.3596084493026748,-0.22200181997495083,-0.09000265870050915,0.1105487157307042,-0.8512565307587486,1.9706355672679063,0.22222222222222218,-0.779084834967687
NFLX,2021-Q1,2021-04-20,8212,339,24.224188790560472,10.639536611918931,4.992693619094009,24,45,1,32,-0.18591110601985783,-1.6260555968468757,2.3050759302346235,2.049168125269414,-1.3125557092766313,0.17025130615174972,-0.6055025486018711,-0.4444444444444445,-0.779084834967687
NFLX,2021-Q2,2021-07-20,7542,364,20.71978021978022,9.80057436345433,9.94431185361973,22,38,5,23,-1.4894506052056162,-1.1234972049642562,0.41455932200194434,0.7732927977860792,1.0148633459537182,-0.17025130615174972,-1.299078195182196,2.222222222222222,-1.488139572410189
NFLX,2021-Q3,2021-10-19,7981,394,20.256345177664976,9.194074577703258,5.638391179050244,19,40,0,37,-0.6353403960376343,-0.520427134705113,0.16455090367393843,-0.14905873135590567,-1.0090571894433822,-0.6810052246069989,-1.1009137247306744,-1.1111111111111112,-0.3851655363885193
NFLX,2021-Q4,2022-01-20,8579,457,18.772428884026258,8.92103545759019,9.674787271243735,31,53,2,47,0.5281172465192069,0.7460200128390878,-0.6359745891987333,-0.5642906174480032,0.8881781656421595,1.3620104492139977,0.1871553332042143,0.22222222222222218,0.4026730607698161
NFLX,2022-Q1,2022-04-19,8292,464,17.870689655172413,8.377707470684435,5.3063193439459715,28,55,0,40,-0.030264598654394147,0.8867363625662212,-1.1224341312331148,-1.3905718648973528,-1.16514158046894,0.8512565307587486,0.38531980365573565,-1.1111111111111112,-0.14881395724101867
NFLX,2022-Q2,2022-07-19,8584,465,18.46021505376344,8.721678936645304,8.504193849021435,31,58,2,51,0.5378451532295483,0.906838698241526,-0.8044039887708202,-0.86746762798929,0.33796179035481,1.3620104492139977,0.6825665093330177,0.22222222222222218,0.7178084996331503
NFLX,2022-Q3,2022-10-18,8391,413,20.317191283292978,9.544276989929944,7.269693719461328,19,47,1,65,0.16234795421036718,-0.1384827568743223,0.1973754362341948,0.38352139153150683,-0.2422927828246854,-0.6810052246069989,-0.4073380781503497,-0.4444444444444445,1.82078253565482
NFLX,2022-Q4,2023-01-19,9332,481,19.401247401247403,9.197012493145106,10.715816545220747,15,53,2,50,1.993139997096634,1.2284760690464025,-0.29674706296707065,-0.14459081419593095,1.3774952443322508,-1.3620104492139977,0.1871553332042143,0.22222222222222218,0.6390246399173167
NVDA,2020-Q2,2019-08-15,8648,394,21.949238578680202,11.180205355739364,13.41350601295097,19,62,5,55,0.3793271797450283,-1.4797005043014868,1.5953752755372204,0.9331819155772424,-1.8805327075364207,-0.5682175455222245,-0.5421796221111717,-0.2572478777137633,-0.7001065331907786
NVDA,2021-Q4,2021-02-24,8729,410,21.290243902439023,11.433843095921414,18.329705579104136,11,46,10,97,0.6751202152140756,-1.1432854695757493,1.283411253593803,1.2789729096387883,1.0821219486886435,-0.9178898812282088,-1.7597057910625749,1.4577379737113252,1.884902204744404
NVDA,2022-Q2,2021-08-18,9010,504,17.876984126984127,10.577911336176268,18.09100998890122,18,86,7,58,1.7012664246807705,0.8331528594379598,-0.3324049068070065,0.11205865689909117,0.9382765672676432,-0.6119265874854726,1.284109631315933,0.42874646285627216,-0.5154630519096941
NVDA,2021-Q3,2021-11-17,8426,429,19.641025641025642,11.277790726858068,17.80204130073582,38,83,8,53,-0.43136484339236064,-0.7437926158389357,0.502681483775824,1.0662226155171706,0.764135054504286,0.26225425177948825,1.0558234746375448,0.7717436331412898,-0.8232021873781683
NVDA,2022-Q4,2022-02-16,8182,465,17.59569892473118,10.263032026250894,15.399657785382548,18,66,8,79,-1.3223957156694908,0.013141212293974129,-0.465563589527353,-0.31722457796318704,-0.6836159189918868,-0.6119265874854726,-0.2377980798733209,0.7717436331412898,0.7770413170578971
NVDA,2023-Q1,2022-05-25,8637,513,16.83625730994152,9.777542746538536,15.630427231677665,37,63,2,55,0.3391577551751576,1.0223863164711873,-0.8250785736731112,-0.9791048664307651,-0.5445470782377912,0.2185452098162402,-0.466084236551709,-1.2862393885688164,-0.7001065331907786
NVDA,2023-Q2,2022-08-24,8505,510,16.676470588235293,9.57030488923752,16.931216931216934,83,79,3,78,-0.14287533966328983,0.9593084974601114,-0.900720623834962,-1.2616376812708132,0.2393492238248886,2.22916114012565,0.7514419323996941,-0.9432422182837987,0.7154934899642024
NVDA,2023-Q3,2022-11-16,8216,490,16.76734693877551,9.885100194650132,16.674780915287247,32,68,3,56,-1.1982356760898907,0.5387897040529392,-0.8577003190644111,-0.8324689719675171,0.08481291048064271,0.0,-0.08560730875439553,-0.9432422182837987,-0.6385587060970838
ORCL,2020-Q1,2019-09-12,7488,442,16.941176470588236,8.896673518508049,22.035256410256412,60,50,3,54,0.9066942457350279,0.12752834931964982,1.8880725472907134,-0.00033273786432124933,-1.2849603596164587,2.590363983398435,1.062981537424099,-0.2890608062893002,0.5418443444341684
ORCL,2020-Q2,2019-12-12,7615,499,15.260521042084168,9.02770045409969,26.263952724885097,24,46,4,66,1.0267560335352017,0.8890547781141289,0.11518303648910848,0.2775059756360341,-0.377329358144621,-0.34884557942615035,0.6527079615762013,0.3468729675471601,1.5784161337864904
ORCL,2020-Q3,2020-03-12,6375,397,16.05793450881612,9.517846369496617,25.098039215686274,29,50,3,52,-0.14550079223027518,-0.47367672604441263,0.9563584178100529,1.316845787304674,-0.6275765187938466,0.05937797096615319,1.062981537424099,-0.2890608062893002,0.3690823795421147
ORCL,2021-Q3,2021-03-10,5666,414,13.68599033816425,8.493129979853123,28.591599011648427,16,30,3,36,-0.8157669934139229,-0.2465548086846557,-1.54575764300481,-0.8560347896218201,0.12226762710559849,-1.002003260053836,-0.9883863418153898,-0.2890608062893002,-1.0130133395943146
ORCL,2021-Q4,2021-06-15,4844,316,15.329113924050633,9.354956876762646,38.39801816680429,18,49,2,26,-1.592859824687489,-1.555845861699725,0.18754028407925838,0.9714434706010323,2.227079459503234,-0.8387138398969146,0.9604131434621246,-0.9249945801257605,-1.876823164054583
ORCL,2022-Q1,2021-09-13,4983,317,15.719242902208203,8.936602861557272,27.69416014449127,21,39,1,33,-1.4614536159928107,-1.542485748913857,0.5990794737934396,0.08433624453702183,-0.07035517603582897,-0.5937797096615325,-0.06527079615761977,-1.5609283539622207,-1.2721562869323952
ORCL,2022-Q2,2021-12-09,7980,539,14.805194805194805,8.150746658831597,24.43609022556391,40,51,3,53,1.3718155024097172,1.4234592895488511,-0.3651314263585413,-1.5820484219109356,-0.7696546866560354,0.9574697818292209,1.1655499313860735,-0.2890608062893002,0.4554633619881415
ORCL,2022-Q3,2022-03-10,7068,483,14.633540372670808,8.229739037262604,24.052065647990947,25,30,3,50,0.5096395144273663,0.6752929735402401,-0.5462062247633948,-1.4145474367088962,-0.8520802348625997,-0.26720086934768966,-0.9883863418153898,-0.2890608062893002,0.19632041465006103
ORCL,2022-Q4,2022-06-13,6391,441,14.492063492063492,8.866979436936067,31.91988734157409,26,28,4,57,-0.13037489770426902,0.11416823653378176,-0.6954473323668111,-0.06329815322171446,0.8366385455437828,-0.18555615926922894,-1.1935231297393385,0.3468729675471601,0.8009872917722489
ORCL,2023-Q1,2022-09-12,6149,391,15.726342710997443,9.560053939718447,32.200357781753134,27,35,5,49,-0.3591540524101121,-0.553837402759621,0.6065689188740084,1.4063456825548932,0.8968376347104179,-0.10391144919076822,-0.4755443720055175,0.9828067413836205,0.10993943220403421
ORCL,2023-Q2,2022-12-12,7259,518,14.013513513513514,8.8307056577727,27.552004408320705,25,28,7,49,0.6902048803315648,1.142896921045622,-1.2002600518430184,-0.14021562130595294,-0.10086693275364045,-0.26720086934768966,-1.1935231297393385,2.254674289056541,0.10993943220403421
PFE,2020-Q4,2021-02-02,13631,732,18.621584699453553,10.458034135743294,30.00513535323894,62,174,17,170,-0.06535534186353209,-0.20988149361828098,0.32514455436038986,-0.02061871457140822,0.5422228907540847,-1.0124468434695413,0.34533734128592086,-0.9438747029536456,-0.3518072351490318
PFE,2021-Q1,2021-05-04,11704,575,20.35478260869565,11.44036335605492,30.416951469583047,88,150,29,159,-1.123672516409972,-1.459223465109091,1.844203306024212,2.078590396642442,0.7054007537549243,0.17732119857376147,-0.6747360360509531,0.16114933952867122,-0.646655203654887
PFE,2021-Q2,2021-07-28,13501,747,18.07362784471218,10.413869782050352,24.81297681653211,107,178,29,156,-0.13675193381528986,-0.09051761099177047,-0.15511142292327196,-0.11499666011769263,-1.5151160543624882,1.0467670754515597,0.5153495708420666,0.16114933952867122,-0.7270682859746658
PFE,2021-Q3,2021-11-02,14817,817,18.135862913096695,10.469252924895521,30.572990483903624,88,175,41,195,0.5860012585578886,0.4665138412652786,-0.10056558901372611,0.003355513129638992,0.7672295940820799,0.17732119857376147,0.3878403986749573,1.2661733820109882,0.31830178418245736
PFE,2021-Q4,2022-02-08,17222,948,18.166666666666668,10.308254687775264,28.568110556265243,111,209,28,223,1.9068382096654068,1.5089584162034704,-0.07356768462263132,-0.34069305965433727,-0.0271832741407525,1.229808312688991,1.8329443499021953,0.0690640026551448,1.0688238858337251
PFE,2022-Q2,2022-07-28,14365,885,16.231638418079097,9.861101866697204,25.687434737208495,100,149,43,154,0.33776080038716166,1.0076301091721263,-1.7695203395730603,-1.2962456958817967,-1.1686211768747428,0.7264449102860551,-0.7172390934399895,1.450344055758041,-0.7806770075211849
PFE,2022-Q3,2022-11-01,11480,615,18.666666666666668,10.695222891115368,27.177700348432058,56,132,16,155,-1.2466943363883853,-1.140919778105063,0.36465657804339185,0.48624679045406377,-0.5781188917725598,-1.2870086993256882,-1.4397910690536084,-1.035960039827172,-0.7538726467479253
PFE,2022-Q4,2023-01-31,13280,748,17.754010695187166,10.095362000679128,31.852409638554214,61,160,15,253,-0.258126140133278,-0.08256001881666977,-0.435239402295304,-0.795638570000895,1.2741861585594574,-1.058207152778899,-0.24970546216058892,-1.1280453767006984,1.8729547090315122
PTON,2020-Q2,2020-02-05,9090,544,16.709558823529413,9.355741660809397,14.961496149614963,36,58,8,87,0.6440389386992579,1.0494450118184289,-0.6991053718360961,0.14944688824933505,0.13042867128673102,-0.43703741006104874,-0.7960164105043912,1.8973665961010275,-0.2276315351282792
PTON,2021-Q2,2021-02-04,9542,533,17.902439024390244,9.612533345934043,14.462376860197024,32,65,2,114,1.0482399943672172,0.8541168370298888,0.8744869778684827,0.5341406606454193,0.05251173101943376,-0.7866673381098878,-0.06284340082929349,-0.47434164902525694,0.5810594449327132
PTON,2021-Q3,2021-05-06,8895,530,16.78301886792453,9.199788203084509,18.100056211354694,47,77,4,122,0.4696601646832135,0.8008455166330143,-0.6022002812949888,-0.08418343331376008,0.6203856856531452,0.5244448920732585,1.1940246157565881,0.31622776601683783,0.8206715871730074
PTON,2021-Q4,2021-08-26,9597,520,18.45576923076923,10.118594148992297,26.049807231426488,43,74,7,126,1.0974237511409732,0.6232744486434325,1.6044145757866026,1.2922588189330402,1.8614122067743242,0.1748149640244195,0.8798076116101178,1.50208188857998,0.9404776582931543
PTON,2022-Q1,2021-11-04,9431,546,17.272893772893774,9.529923281569015,17.81359346834906,56,82,1,125,0.9489782306965456,1.0849592254163452,0.04402001996877167,0.41038440551963484,0.5756663151363186,1.3111122301831464,1.7177196226673723,-0.8696263565463044,0.9105261405131175
PTON,2022-Q2,2022-02-08,8604,483,17.81366459627329,10.290927788611516,17.666201766620176,62,66,1,132,0.20943337884388571,-0.033738502918020136,0.7573798611325138,1.550427917763808,0.5526571654941608,1.8355571222564049,0.04189560055286332,-0.8696263565463044,1.120186764973375
PTON,2022-Q3,2022-05-10,6790,411,16.52068126520681,8.522908613578071,12.960235640648012,31,53,1,48,-1.4127363445669066,-1.312250192443009,-0.9482639047657597,-1.098201323413086,-0.1819858132713055,-0.8740748201220975,-1.3197114174151752,-0.8696263565463044,-1.3957407285497128
PTON,2022-Q4,2022-08-25,7536,418,18.028708133971293,9.055841905274793,6.900212314225053,25,61,2,61,-0.7456257526901419,-1.1879504448503018,1.041055342987931,-0.299826102195312,-1.1280091098142406,-1.398519712195356,-0.48179940635792073,-0.47434164902525694,-1.006370997409235
PTON,2023-Q1,2022-11-03,7017,422,16.627962085308056,8.610209686470387,4.70286447199658,38,55,4,82,-1.2097415666097677,-1.116922017654469,-0.8067440122740178,-0.9674175752988552,-1.4710345632465298,-0.26222244603662925,-1.1102334146508617,0.31622776601683783,-0.377389124028463
PTON,2023-Q2,2023-02-01,7196,442,16.28054298642534,8.263356616073903,7.643135075041689,40,65,2,49,-1.0496707945642705,-0.7617798816753055,-1.2650432075734157,-1.4870302568902403,-1.0120322890320363,-0.08740748201220976,-0.06284340082929349,-0.47434164902525694,-1.3657892107696759
PYPL,2019-Q4,2020-01-29,8392,485,17.303092783505154,10.101149446829762,37.77407054337464,37,67,7,92,-0.4876099100983278,-0.5103979764160743,0.27295050286612993,0.8991771308933865,1.7109868407234792,-1.2983964469041545,-0.88958918310311,0.9192388155425117,0.15051153338813572
PYPL,2020-Q4,2021-02-03,7453,403,18.49379652605459,10.411621086353765,34.48275862068965,36,67,7,79,-1.9325509928039053,-2.08974265815638,1.7475587353242659,1.7234995537251143,0.3177816749880411,-1.4511489700693492,-0.88958918310311,0.9192388155425117,-0.8278134336347465
PYPL,2021-Q1,2021-05-05,8400,526,15.96958174904943,9.350003963557139,34.04761904761905,42,70,6,76,-0.47529944294002685,0.27927436445407844,-1.3785151633724468,-1.0951630465852944,0.1335880417928879,-0.5346338310781813,-0.41514161878145134,0.35355339059327373,-1.05358073371695
PYPL,2021-Q2,2021-07-28,9119,526,17.336501901140686,9.496938617916893,36.07851738129181,50,68,6,75,0.6311037929122736,0.27927436445407844,0.3143254966148143,-0.7050419699372916,0.9932628814988017,0.6873863542433759,-0.7314399949958904,0.35355339059327373,-1.128836500411018
PYPL,2021-Q3,2021-11-08,8909,522,17.06704980842912,9.316534124254527,31.765630261533286,52,76,4,104,0.30795403000687294,0.20223316046674644,-0.019373189268885274,-1.1840276497033657,-0.8323728393415367,0.9928914005737652,0.533753509861866,-0.7778174593052023,1.05358073371695
PYPL,2021-Q4,2022-02-01,9040,512,17.65625,9.770150399545368,32.30088495575222,52,79,3,84,0.5095379297240514,0.009630150498416498,0.7103124764501496,0.020353103581963346,-0.6058006934959331,0.9928914005737652,1.0082010741835246,-1.3435028842544403,-0.45153460016440716
PYPL,2022-Q2,2022-08-02,9639,585,16.476923076923075,9.759355049766825,30.604834526403156,50,70,7,103,1.4312841582018372,1.415632123267225,-0.7502063137278789,-0.008309253142175343,-1.3237351448709558,0.6873863542433759,-0.41514161878145134,0.9192388155425117,0.9783249670228822
PYPL,2022-Q3,2022-11-03,8719,533,16.358348968105066,9.894124393371222,32.801926826470925,45,84,3,107,0.015580434997224677,0.41409647143190936,-0.897052544886142,0.34951213116764396,-0.39371076129479643,-0.07637626158259732,1.7989470147196223,-1.3435028842544403,1.2793480337991536
ROKU,2020-Q4,2021-02-18,9687,563,17.206039076376555,9.480503996447602,13.832972024362547,40,70,1,47,0.38935543439832865,0.10602748502611933,0.3898793956242073,0.7197091529624349,0.44228863363467547,-0.5159430037306365,0.3694318748527594,-0.6123724356957946,-0.8560891490320897
ROKU,2021-Q1,2021-05-06,9142,493,18.543610547667342,9.999618597550228,12.688689564646685,23,72,8,64,-0.2585795633027068,-1.0358069691013196,1.923071930553865,1.8574974504404564,-0.11911521480680363,-1.4905020107773943,0.6058682747585254,2.2453655975512468,1.1865095223427207
ROKU,2021-Q2,2021-08-04,9825,620,15.846774193548388,8.650627049124854,14.045801526717558,34,61,1,42,0.5534197090455633,1.0358069691013196,-1.1681792323256406,-1.0992038134712356,0.5467062978831133,-0.8599050062177275,-0.6945319247231877,-0.6123724356957946,-1.4568534641423279
ROKU,2021-Q3,2021-11-03,9818,567,17.31569664902998,9.095050568041668,9.981666327154207,62,73,1,51,0.5450976081576601,0.17127516811911586,0.51557448960561,-0.1251224104948868,-1.4472254645489482,0.7452510053886972,0.7240864747114084,-0.6123724356957946,-0.37547769694389893
ROKU,2021-Q4,2022-02-17,10684,655,16.31145038167939,8.64494333139022,14.320479221265444,62,68,1,61,1.5746603751468282,1.6067241961650391,-0.6355437223035095,-1.111661308426875,0.6814677053405931,0.7452510053886972,0.1329954749469934,-0.6123724356957946,0.8260509332765777
ROKU,2022-Q1,2022-04-28,8389,488,17.190573770491802,9.387214533590644,15.496483490284897,37,54,4,47,-1.1537998445300088,-1.1173665729675653,0.3721522744633284,0.5152385815487173,1.258434796643441,-0.6879240049741819,-1.5220593243933689,0.6123724356957946,-0.8560891490320897
ROKU,2022-Q2,2022-07-28,8069,497,16.235412474849095,9.025696851131983,13.260627091337216,70,58,2,60,-1.534238742262727,-0.9705592860083232,-0.7227022432694062,-0.27713094063222954,0.16148676928014555,1.2038670087048184,-1.0491865245818368,-0.20412414523193154,0.70589807025453
ROKU,2022-Q3,2022-11-02,9262,569,16.27768014059754,8.933445263211222,9.825091772835242,64,79,2,61,-0.11591497665293753,0.2038990096656141,-0.6742528923484583,-0.47932671192638987,-1.5240435234262146,0.8599050062177275,1.4333956744287066,-0.20412414523193154,0.8260509332765777
SBUX,2020-Q2,2020-04-28,13966,671,20.81371087928465,11.44770466341734,22.841185736789345,105,123,2,143,1.7197789689720664,1.335617970860027,-0.017254645894798557,-0.6285732792598554,-0.5641812393285501,2.3458302216620073,2.2977929044424528,-0.3581459915128873,1.3417073278904421
SBUX,2021-Q1,2021-01-26,12052,522,23.088122605363985,12.378986160393016,25.8878194490541,64,101,3,103,0.16108167443066274,-0.668481502031656,1.5335208599316092,1.2131883476568255,0.020833427845194152,0.1499617493299912,1.0855280627701756,-0.03255872650117159,-0.5480213029411661
SBUX,2021-Q2,2021-04-27,12397,618,20.05987055016181,11.295954082341208,25.086714527708317,56,78,0,108,0.44203808332135464,0.6227503731200325,-0.5312500251408498,-0.9286848974934026,-0.13299475538723274,-0.27850039161284124,-0.1818397262508414,-1.0093205215363186,-0.31180522408721506
SBUX,2021-Q3,2021-07-27,10997,476,23.102941176470587,12.576161368100077,33.009002455215054,36,58,2,125,-0.6980748802930472,-1.28719677554184,1.5436246933052964,1.603134601838313,1.388243133009826,-1.3496557439699224,-1.2838986732256388,-0.3581459915128873,0.49132944401621836
SBUX,2021-Q4,2021-10-28,11408,511,22.32485322896282,12.293008059385127,32.608695652173914,49,78,1,138,-0.3633702888319621,-0.8164351543927869,1.0130964179987787,1.0431525768337824,1.31137621257704,-0.6534047649378196,-0.1818397262508414,-0.6837332565246029,1.105491249036491
SBUX,2022-Q1,2022-02-01,9375,461,20.336225596529285,11.687038410586094,23.89333333333333,51,70,2,73,-2.01897718528059,-1.4889517560342913,-0.342821240719761,-0.15525161122170794,-0.36214783651680266,-0.5462892297021115,-0.6226633050407604,-0.3581459915128873,-1.9653177760648721
SBUX,2022-Q2,2022-05-03,12417,626,19.835463258785943,11.27529136889834,19.650479181766933,72,79,11,121,0.45832541137298893,0.7303530293826731,-0.6842589666636951,-0.9695487961648933,-1.1768607766884753,0.5784238902728236,-0.12673677890210155,2.572139393592554,0.30235658093305756
SBUX,2022-Q3,2022-08-02,12498,618,20.223300970873787,12.006129409670617,18.00288046087374,66,73,5,127,0.5242890899821079,0.6227503731200325,-0.4198173014871046,0.4758030801008344,-1.4932327164654804,0.25707728456569934,-0.4573544629945408,0.6186158035222598,0.5858158755577988
SBUX,2022-Q4,2022-11-03,12397,643,19.279937791601867,11.43166473284661,31.620553359683793,49,73,3,115,0.44203808332135464,0.9590086739407846,-1.0630361588024706,-0.6602948679733821,1.1216331095468806,-0.6534047649378196,-0.4573544629945408,-0.03255872650117159,0.01889728630831635
SBUX,2023-Q1,2023-02-02,11035,571,19.325744308231172,11.263471180283744,25.192569098323517,64,80,2,93,-0.667128956994942,-0.009415232422981673,-1.031803632527024,-0.9929251543165137,-0.11266855859239809,0.1499617493299912,-0.07163383155336168,-0.3581459915128873,-1.020453460649068
SNAP,2019-Q2,2019-07-23,10736,486,22.090534979423868,12.15297347290537,15.089418777943369,31,69,4,78,0.4644448690753655,0.5586706224621505,-0.0836577730384363,-0.0590121150698355,0.019030071498547234,-0.48122636000245705,0.1963315380186483,0.6770032003863299,1.5872624343892885
SNAP,2019-Q3,2019-10-22,10538,493,21.375253549695742,12.014176005983206,17.935092047826913,26,48,2,59,0.3762125984330797,0.6346064352239962,-0.519444914717664,-0.22064909756267795,0.5690942330497367,-0.698320958499806,-0.7551213000717253,-0.13540064007726607,0.5707011000051374
SNAP,2020-Q2,2020-07-21,11835,510,23.205882352941178,12.747363538099425,15.716096324461342,74,95,2,60,0.9541785328929012,0.8190219805027643,0.595870624713045,0.6331865157277232,0.1401658543154102,1.3857871870747445,1.3743207661305394,-0.13540064007726607,0.624204328130619
SNAP,2020-Q4,2021-02-04,11539,479,24.089770354906054,13.040153642313296,18.719126440766097,38,73,8,49,0.8222757444579689,0.48273480970030475,1.1343817756138093,0.9741560593249053,0.7206468464659062,-0.17729392210616846,0.3775606500358623,2.301810881313522,0.03566881875032097
SNAP,2021-Q1,2021-04-22,10862,512,21.21484375,11.875328285731442,17.215982323697293,17,84,0,41,0.520592677665911,0.8407179270061488,-0.6171750181446678,-0.38234460271257603,0.4300914558676415,-1.0890912357950342,0.8759407080832009,-0.9478044805408621,-0.39235700625353215
SNAP,2021-Q2,2021-07-22,10596,453,23.39072847682119,12.682127721778041,15.288788221970554,26,80,2,60,0.4020584150858705,0.20068750515630648,0.708488624605442,0.5572159614051505,0.05756787105142021,-0.698320958499806,0.6947115960659869,-0.13540064007726607,0.624204328130619
SNAP,2021-Q3,2021-10-21,10545,407,25.90909090909091,13.935457658495391,15.931721194879088,83,62,6,62,0.37933192113255443,-0.29831926442153667,2.242807733782245,2.016784882447099,0.18184580218967045,1.7765574643699726,-0.12081940801147623,1.4894070408499258,0.7312107843815823
SNAP,2021-Q4,2022-02-03,11165,514,21.72178988326848,12.313246016012553,21.58531124048365,51,70,0,60,0.655614788800318,0.8624138735095332,-0.308316718151644,0.1276337281055805,1.274675854431364,0.387152033986939,0.2416388160229518,-0.9478044805408621,0.624204328130619
SNAP,2022-Q1,2022-04-21,10355,491,21.089613034623216,12.166319112977941,20.18348623853211,75,90,1,46,0.29466459071823975,0.6129104887206117,-0.6934721694984177,-0.043470412194409044,1.0037052892225464,1.4292061067742141,1.1477843761090218,-0.5416025603090641,-0.12484086562612395
SNAP,2022-Q2,2022-07-21,6470,300,21.566666666666666,11.402464150943398,3.554868624420402,28,44,1,18,-1.4365595074902464,-1.4590524023526066,-0.40282595655964715,-0.9330198676948305,-2.2105803079556634,-0.6114831191008665,-0.9363504120889393,-0.5416025603090641,-1.6229312531396098
SNAP,2022-Q3,2022-10-20,5976,282,21.19148936170213,11.534944750370464,9.036144578313253,35,34,1,28,-1.6566945665674646,-1.654315920883067,-0.6314037422510166,-0.778739211101562,-1.1510582982724666,-0.30755068120457785,-1.3894231921319744,-0.5416025603090641,-1.0878989718847936
SNAP,2022-Q4,2023-01-31,5708,287,19.88850174216028,10.579210837995053,9.635599159074982,21,27,1,19,-1.7761200642044979,-1.6000760546246058,-1.425252466353067,-1.8917418406745674,-1.0351846718641144,-0.915415556997155,-1.706574138162099,-0.5416025603090641,-1.5694280250141284
TSLA,2019-Q3,2019-10-23,9577,539,17.76808905380334,9.719591622227622,9.815182207371828,41,71,10,88,0.7964540381664688,-0.18428214325535158,0.8011025185376536,1.8572823963673115,-0.5234336327798035,-0.928069799082731,-1.016972064311688,-0.04175903943773379,1.7681307198222374
TSLA,2019-Q4,2020-01-29,9802,520,18.85,9.725293035583082,11.018159559273618,31,83,6,76,1.37066656234523,-0.921410716276758,2.0302829744563176,1.87160936927197,-0.12751537133131813,-1.5142191458718242,-0.0070136004435284865,-0.7099036704414745,0.5138902092094191
TSLA,2020-Q1,2020-04-29,9163,531,17.25612052730697,8.923066350540239,8.403361344537815,59,72,13,80,-0.26009700632245225,-0.494652068738049,0.21944493477158003,-0.1442907704706357,-0.9880854906109361,0.12699902513763672,-0.9328088589893414,0.45934943381507176,0.9319703794136919
TSLA,2020-Q2,2020-07-22,9440,589,16.027164685908318,8.81539736437869,11.758474576271187,51,72,17,75,0.4468224123331785,1.7555298910115071,-1.1767961391769526,-0.4148501127311342,0.11613363335735202,-0.3419204522936378,-0.9328088589893414,1.1274940648188125,0.4093701666583509
TSLA,2020-Q4,2021-01-27,9330,573,16.282722513089006,8.466888847218524,16.184351554126472,46,73,9,84,0.16609628940133958,1.1347900400461124,-0.8864518297568298,-1.2906105200368907,1.572757497212435,-0.6349951256881844,-0.8486456536669947,-0.20879519718866899,1.3500505496179647
TSLA,2021-Q1,2021-04-26,9013,520,17.33269230769231,8.846880866016779,9.430822145789415,66,111,5,61,-0.6429053557749599,-0.921410716276758,0.3064396511624496,-0.33573582180173106,-0.6499324127538135,0.537303567890002,2.349556148582177,-0.8769398281924097,-1.0539104290566037
TSLA,2021-Q2,2021-07-26,8539,513,16.64522417153996,8.863551712876852,11.008314790959128,82,81,8,64,-1.852579740044884,-1.1929844010741182,-0.4746065153412533,-0.29384396861181344,-0.13075543528536868,1.4751425227525512,-0.17534001108822173,-0.3758313549396042,-0.7403503014033992
TSLA,2021-Q3,2021-10-20,9683,556,17.415467625899282,9.05225272360088,8.468449860580398,62,86,25,61,1.0669719384462408,0.4752539483953804,0.4004823297490156,0.1803392030285357,-0.9666638636192878,0.3028438291743647,0.2454760155235114,2.463783326826294,-1.0539104290566037
TSLA,2021-Q4,2022-01-26,9127,526,17.35171102661597,8.947923661496493,12.271283006464337,58,75,6,71,-0.3519710101910541,-0.6886332721647349,0.3280471944447829,-0.08182730775540481,0.2849067377031886,0.0683840904587274,-0.6803192430223015,-0.7099036704414745,-0.008710003545921854
TSLA,2022-Q2,2022-07-20,9670,572,16.905594405594407,9.080213105955849,7.238883143743537,88,92,10,59,1.0337952148270235,1.0959937993607751,-0.1787947351501345,0.2506003146912934,-1.3713330920926055,1.826832130826007,0.7504552474575912,-0.04175903943773379,-1.26295051415874
TSLA,2022-Q3,2022-10-19,8733,564,15.48404255319149,8.4426116727401,15.229588915607465,37,93,11,66,-1.3574809414196407,0.7856238738780779,-1.793847952044957,-1.3516161688592025,1.2585304975595983,-1.1625295377983684,0.8346184527799377,0.12527711831320137,-0.5313102163012628
TSLA,2022-Q4,2023-01-25,9102,522,17.436781609195403,8.882170723005572,16.040430674577017,61,88,3,68,-0.415772401766472,-0.8438182349060835,0.4246975683483363,-0.2470566130922802,1.5253909326405617,0.24422889449545537,0.4138024261682046,-1.21101214369428,-0.3222701311991264
UNH,2020-Q4,2021-01-20,8771,503,17.43737574552684,10.30350175181675,16.98780070687493,32,68,4,82,-0.23325872327716055,0.0025246911105117594,-0.5209464222607892,0.3313688648082468,0.7600877575478997,0.6694386813952032,-0.66323316744474,-0.5443310539518171,1.098159117773044
UNH,2021-Q1,2021-04-15,9424,506,18.624505928853754,10.457838248707812,11.672325976230901,24,71,6,64,0.5619045694721888,0.07069135109434477,1.0527161997206445,0.768658933080149,-0.992371785710376,-0.7911548052852397,-0.39989058625344626,0.2721655269759088,-0.09581254047684266
UNH,2021-Q2,2021-07-15,9187,519,17.70134874759152,9.693697107763793,13.497333188200718,31,91,2,47,0.27330778481430856,0.3660802110242878,-0.17102317677708714,-1.3964241057595796,-0.39068492476198763,0.4868644955601479,1.3557266216885124,-1.3608276348795432,-1.223452439935069
UNH,2021-Q3,2021-10-14,7974,483,16.509316770186334,9.866020692311228,21.193880110358666,18,69,6,61,-1.2037719611350952,-0.45191970878170823,-1.751183628760626,-0.9081702347079647,2.1467906136151087,-1.8865999202955719,-0.5754523070476422,0.2721655269759088,-0.2948078168518238
UNH,2021-Q4,2022-01-19,7940,461,17.2234273318872,10.264319151375254,15.239294710327455,27,65,5,47,-1.2451740315079558,-0.9518085486631502,-0.8045569531912502,0.2203506522189946,0.18362259208888104,-0.2434322477800736,-0.9265757486360339,-0.1360827634879542,-1.223452439935069
UNH,2022-Q1,2022-04-14,10196,580,17.579310344827586,9.99712025645469,12.553942722636327,36,95,5,79,1.5019751085265498,1.7521356306955589,-0.3327975765633929,-0.5367186434801554,-0.7017114479182507,1.3997354247354248,1.7068500632769041,-0.1360827634879542,0.899163841398063
UNH,2022-Q2,2022-07-15,9024,492,18.341463414634145,10.253655623075005,11.63563829787234,33,81,11,50,0.07482138861500696,-0.24741972883020924,0.6775143631278093,0.1901370921579118,-1.0044673510770579,0.8520128672302586,0.47791801771753306,2.3134069792952237,-1.0244571635600879
UNH,2022-Q3,2022-10-14,8201,433,18.939953810623557,10.87243065559326,15.48591635166443,29,63,4,83,-0.9273522559986447,-1.5880307085122582,1.470874669361421,1.9433463567549074,0.26493131253926266,0.12171612389003712,-1.1021374694302297,-0.5443310539518171,1.1644908765647046
UNH,2022-Q4,2023-01-13,9946,549,18.116575591985427,9.970356834815345,13.874924592801126,25,77,5,76,1.1975481204908112,1.0477468108626178,0.37940252534327545,-0.6125489150724898,-0.26619676632348316,-0.6085806194501844,0.12679457612914133,-0.1360827634879542,0.7001685650230819
UPS,2020-Q4,2021-02-02,9779,732,13.359289617486338,8.018174692357928,32.109622660803765,40,58,6,114,0.7508351822705396,1.4088023247705488,-0.8893596979478949,-1.1215852877186188,0.03850718999275183,0.14433756729740646,0.18476525675580954,-0.8442212371213508,-0.32917039813856525
UPS,2021-Q1,2021-04-27,8250,618,13.349514563106796,8.421741001968293,29.575757575757574,26,35,12,85,-2.0105045500004284,-0.8855328898557735,-0.899920998339825,-0.04212498072136314,-0.3243147629932109,-1.2028130608117205,-2.0816885594487875,0.6566165177610506,-1.7433839605116603
UPS,2021-Q2,2021-07-27,10014,697,14.36728837876614,8.398245061195947,29.958058717795087,30,67,9,116,1.175239915484194,0.7044011623852744,0.19971636231931492,-0.10497198959034716,-0.26957339266477226,-0.8179128813519699,1.0716384891836954,-0.09380235968015008,-0.2316384283197311
UPS,2021-Q3,2021-10-26,9267,663,13.97737556561086,8.221944142416895,29.459371965037228,35,50,9,106,-0.17382534285878395,0.020125747496722125,-0.22155866966555476,-0.5765421860541553,-0.34097991806805195,-0.33678765702728175,-0.6035665054023112,-0.09380235968015008,-0.7192982774139018
UPS,2021-Q4,2022-02-01,9351,714,13.096638655462185,8.243875644736033,48.65789755106405,32,61,10,145,-0.022123225454754324,1.0465388698295506,-1.1731367083317956,-0.5178797415870133,2.4080403785063598,-0.6254627916220946,0.48038966756510487,0.15633726613358348,1.1825751340533641
UPS,2022-Q1,2022-04-26,9090,626,14.52076677316294,8.439450564096898,30.473047304730475,58,65,2,120,-0.49348337596013214,-0.7245269098819965,0.3655396267185512,0.005244606176482034,-0.19583262170577995,1.876388374866284,0.8745555486441652,-1.844779740376285,-0.036574488682062804
UPS,2022-Q2,2022-07-26,9837,656,14.995426829268293,8.473086956589615,27.447392497712716,48,59,12,145,0.8555818823828457,-0.12075448498033274,0.8783784552237555,0.09521532400355777,-0.6290735202138146,0.9141379262169076,0.28330672702557463,0.6566165177610506,1.1825751340533641
UPS,2022-Q3,2022-10-25,9318,590,15.793220338983051,9.28340048970735,27.04443013522215,39,54,15,135,-0.08172048586348026,-1.449053819763993,1.7403416300234507,2.262644255491439,-0.6867733528534831,0.04811252243246882,-0.20940062432325082,1.4070353952022512,0.6949152849591933
V,2020-Q2,2020-04-30,10300,507,20.315581854043394,11.01189081885856,22.233009708737864,100,96,6,81,0.8249446669149936,-1.6351184251511932,2.2072609897955986,2.1806189462563075,-1.4190751131070858,1.8724307408536858,0.7133633679656537,-0.10325374568831554,0.8591777827227568
V,2021-Q1,2021-01-28,10176,563,18.074600355239788,10.092179207437969,19.45754716981132,67,89,9,66,0.5333265965072856,-0.19186153149760088,0.449285203180664,0.14355726545552477,-1.745174079699782,0.43915257066413776,0.3156475079494043,0.593709037707814,-0.2779692826455983
V,2021-Q3,2021-07-27,9545,539,17.708719851576994,10.197736549165121,32.37297014143531,25,69,4,55,-0.9506331004867764,-0.8104002002062832,0.16226406240950683,0.37735535312720714,-0.22769509193325926,-1.3850196459407416,-0.820683520668451,-0.5678956012857352,-1.111877130582392
V,2021-Q4,2021-10-26,10261,610,16.821311475409836,9.58394528221704,36.64360198811032,42,101,9,59,0.7332260802545048,1.0194433613902354,-0.5338784264838656,-0.9821258737965574,0.2740766352532331,-0.6466642249340048,0.9974461251201174,0.593709037707814,-0.8086379131508307
V,2022-Q1,2022-01-27,9210,556,16.56474820143885,9.779335014572673,37.242128121606946,37,53,16,69,-1.7384722423140517,-0.3722686432042999,-0.7351438200698636,-0.5493587632576411,0.3443995997589839,-0.8638275840536332,-1.7297483435627352,2.219955532298783,-0.05053986957192725
V,2022-Q2,2022-04-26,10506,637,16.49293563579278,9.653530579073585,37.597563297163525,53,92,5,88,1.30940694517296,1.7152993636875031,-0.7914784000955732,-0.8280019723328504,0.38616094289154984,-0.16890483487082203,0.4860971622420826,-0.3355746734870254,1.389846413227989
V,2022-Q3,2022-07-26,9612,587,16.374787052810902,9.865610990845731,42.44694132334582,70,69,3,50,-0.7930652721213213,0.4266771372110815,-0.8841620515295062,-0.35826681328425813,0.9559316174281983,0.5694505861359148,-0.820683520668451,-0.8002165290844451,-1.4909261523718436
V,2022-Q4,2022-10-25,9824,583,16.850771869639793,9.711543290477401,45.093648208469055,74,106,3,81,-0.2944924420694336,0.32358735909296776,-0.5107677226480486,-0.6995100951698202,1.266902624245057,0.7431812734316177,1.2815288822745812,-0.8002165290844451,0.8591777827227568
V,2023-Q1,2023-01-26,10109,552,18.31340579710145,10.350509973195951,35.710752794539516,44,76,3,78,0.37575876814183057,-0.4753584213224136,0.6366201654410876,0.7157319530020722,0.1644728651631047,-0.5597988812861533,-0.4229676606522016,-0.8002165290844451,0.6317483696490858
WMT,2022-Q1,2021-05-18,11269,620,18.175806451612903,9.88476190413046,12.867157689235958,64,54,0,65,-0.1972115331175295,-1.1329378800892063,1.1251787715864545,1.7168762704528122,-0.9279059182160942,0.3210863765207339,-1.2432670508543648,-0.7741129997161835,-0.5273504881351805
WMT,2022-Q2,2021-08-17,10997,657,16.73820395738204,8.918303905646237,19.096117122851687,36,65,2,61,-0.5926036977954283,-0.3518440621395045,-0.21444687731014422,-0.5023731376299145,0.7302270641724431,-1.265458072169952,-0.11921738843809021,-0.19352824992904585,-0.8995978915247193
WMT,2022-Q4,2022-02-17,10752,713,15.079943899018232,8.556169230557185,20.554315476190474,45,76,1,72,-0.9487473755383886,0.8303519866492333,-1.75969162725991,-1.3339324651931075,1.1183957158234916,-0.7554973565193743,1.0048322739781843,-0.4838206248226147,0.1240824677965125
WMT,2023-Q1,2022-05-17,10880,623,17.463884430176567,9.109688010595324,11.76470588235294,70,55,0,79,-0.7626804745134951,-1.0696059489040952,0.4617763333201809,-0.06290338075393885,-1.2213757540640156,0.6610601869544523,-1.1410807179074307,-0.7741129997161835,0.7755154237282055
WMT,2023-Q2,2022-08-16,12263,697,17.593974175035868,9.17720093457664,14.515208350322107,84,74,4,87,1.2477142451539094,0.4925816869953082,0.583000078807053,0.09212458406031666,-0.48919907048054373,1.4543324112997953,0.8004596080843163,0.3870564998580918,1.5200102305072831
WMT,2023-Q3,2022-11-15,12267,732,16.758196721311474,9.176366340117209,19.320127170457326,51,73,9,60,1.2535288358109373,1.2314542174882692,-0.19581667914362438,0.09020812906384,0.7898579627647183,-0.41552354608565595,0.6982732751373822,1.8385183743259361,-0.992659742372104
XOM,2020-Q4,2021-02-02,13339,656,20.333841463414632,11.450558723574765,20.541269960266888,92,80,10,197,1.7586447466815716,1.8002393285879172,0.9345327019754983,1.2317776806891685,2.0389693935348903,2.1290397098322527,1.3064973614301643,0.6708203932499369,1.5558375625133885
XOM,2021-Q1,2021-04-30,12075,612,19.730392156862745,10.791587211127084,16.231884057971016,54,66,7,181,0.7409246002653769,0.8547555432817969,0.2842279950590144,0.318577207248549,0.9495968240309343,-0.16790533989213355,0.2579708165881215,0.0,1.193897968003004
XOM,2021-Q2,2021-07-30,12578,596,21.104026845637584,11.915918523729605,13.11814278899666,55,68,2,165,1.145919247138277,0.5109432577159349,1.7645198671273583,1.8766717038664926,0.16247206800804861,-0.1074594175309655,0.4077603229941276,-1.118033988749895,0.8319583734926196
XOM,2021-Q3,2021-10-29,11341,580,19.55344827586207,9.82951513532204,8.553037651000794,42,65,6,133,0.14993837600154236,0.1671309721500729,0.09354513665570469,-1.0146589926682381,-0.9915439396056569,-0.8932564082261503,0.18307606338511845,-0.22360679774997896,0.10807918447185076
XOM,2021-Q4,2022-02-01,10170,522,19.482758620689655,10.499167784728154,12.487708947885938,39,33,7,76,-0.7929020444520684,-1.0791885630261768,0.017366715386821552,-0.08665663607626044,0.0031042720009311613,-1.0745941753096544,-2.213556039110979,0.0,-1.1813306209713939
XOM,2022-Q1,2022-04-29,9875,507,19.47731755424063,10.352056200680057,10.227848101265824,49,58,7,97,-1.0304237558387592,-1.4015125807441724,0.011503172113131422,-0.29052336728338257,-0.5681674759974025,-0.47013495169797387,-0.3411872090359029,0.0,-0.7062849031765143
XOM,2022-Q2,2022-07-29,10161,554,18.34115523465704,10.042182657299925,8.46373388446019,70,59,4,102,-0.8001484695452216,-0.39156399189445285,-1.2128775608239268,-0.719945066364684,-1.0141190989969033,0.7992294178865554,-0.26629245583289984,-0.6708203932499369,-0.5931787798920191
XOM,2022-Q3,2022-10-28,10490,581,18.055077452667813,9.783293039266702,9.532888465204957,64,75,17,80,-0.5352513744732849,0.18861923999793925,-1.5211681266625772,-1.0787134156650193,-0.743846791241327,0.43655388371954706,0.9320235954151489,2.23606797749979,-1.0908457223437977
XOM,2022-Q4,2023-01-31,10364,542,19.121771217712176,10.391018811794943,13.122346584330375,46,59,3,123,-0.6367013257774309,-0.6494232060688493,-0.3716499008310097,-0.2365291137466306,0.16353474826648567,-0.651472718781478,-0.26629245583289984,-0.8944271909999159,-0.1181330620971395
