ticker,quarter,date_parsed,excess_return_1d,excess_return_3d,excess_return_5d,y_1d,y_3d,y_5d
AAPL,2019-Q3,2019-07-30,0.03134467816244671,0.0041366896096414404,-0.013459518034472859,0,0,1
AAPL,2020-Q1,2020-01-28,0.021758242840646248,-0.009963042725314938,-0.0029867248086260434,0,1,0
AAPL,2020-Q2,2020-04-30,0.01037426395422146,0.02756617860330128,0.0434720340341957,0,0,0
AAPL,2020-Q3,2020-07-30,0.09678656453133501,0.12125793958997658,0.1521309722515822,0,0,0
AAPL,2020-Q4,2020-10-29,-0.04559330982806564,-0.060651238487126495,-0.0292265598921155,1,1,1
AAPL,2021-Q1,2021-01-27,-0.043585585550926675,-0.06061235873204164,-0.07703038015833541,1,1,1
AAPL,2021-Q2,2021-04-28,-0.007121522781615683,-0.00970246739829202,-0.0370710334880641,1,1,1
AAPL,2021-Q3,2021-07-27,-0.011785827197286446,-0.005061540637814355,-0.0008550729510478586,1,0,0
AAPL,2021-Q4,2021-10-28,-0.02018464688220526,-0.024524794220409464,-0.02929512280027267,1,1,1
AAPL,2022-Q1,2022-01-27,0.04494193282552973,0.04631520986189228,0.05030031164441569,0,0,0
AAPL,2022-Q2,2022-04-28,0.00035078622322683856,0.0012957992230300149,-0.009257525964743663,0,0,1
AAPL,2022-Q3,2022-07-28,0.01821407917110366,0.01200436925714254,0.03381830759450581,0,0,0
AAPL,2022-Q4,2022-10-27,0.051761615408424104,0.028452829311010168,-0.01727747338871192,0,0,1
AAPL,2023-Q1,2023-02-02,0.03502866351261093,0.029209575594858282,0.0235811239170901,0,0,0
ABNB,2021-Q2,2021-08-12,0.00883189676840722,-0.04556156889499811,-0.04444059243331652,0,1,1
ABNB,2021-Q3,2021-11-04,0.1263706827424729,0.08994331184530123,0.08047142756499898,0,0,0
ABNB,2021-Q4,2022-02-15,0.03536499383715565,-0.0021026107237159634,-0.11263270314468629,0,0,1
ABNB,2022-Q1,2022-05-03,0.04665052932770587,-0.0510681724377584,-0.1575787929541499,0,1,1
ABNB,2022-Q2,2022-08-02,-0.02700544870804021,-0.006639268352459652,-0.024393823673226733,1,1,1
ABNB,2022-Q3,2022-11-01,-0.10915430330528855,-0.09759749408010364,-0.08652302177249878,1,1,1
AMZN,2020-Q2,2020-07-30,0.029058702952510833,0.009661171768705373,0.024715773791163513,0,0,0
AMZN,2020-Q4,2021-02-02,-0.0207477076143075,-0.02438434299497704,-0.044991324828294134,1,1,1
AMZN,2021-Q1,2021-04-29,0.005449999385565913,-0.03536087670667341,-0.04515842619418445,0,1,1
AMZN,2021-Q2,2021-07-29,-0.07079255126145544,-0.06604731359238919,-0.0647232975355604,1,1,1
AMZN,2021-Q3,2021-10-28,-0.023540464453138236,-0.046638295377838916,-0.009913518517657873,1,1,1
AMZN,2021-Q4,2022-02-03,0.1306567563529839,0.1528224374601036,0.13909235457641117,0,0,0
AMZN,2022-Q1,2022-04-28,-0.10353883420662607,-0.11397060266441905,-0.1622280369390582,1,1,1
AMZN,2022-Q2,2022-07-28,0.0890358208782371,0.09225335946504944,0.14598339692862536,0,0,0
AMZN,2022-Q3,2022-10-27,-0.09183321659345278,-0.13965141261304226,-0.1715988740790781,1,1,1
AMZN,2022-Q4,2023-02-02,-0.07368604880150481,-0.09183643429428762,-0.10667682311976281,1,1,1
BA,2019-Q2,2019-07-24,-0.03213188703403631,-0.05877761321983023,-0.04272469619408388,1,1,1
BA,2021-Q1,2021-04-28,-0.004334266690781164,-0.0030633517355437307,-0.026965206766887687,1,0,1
BA,2021-Q2,2021-07-28,-0.003888236282074649,-0.0240775926468619,-0.02167441596824237,1,1,1
BA,2021-Q3,2021-10-27,-0.0036472363898728995,0.02513711343632486,0.009019364838107918,1,0,0
BA,2021-Q4,2022-01-26,-0.018328495570913615,-0.0074116491539529435,0.012894603700379904,1,1,0
BA,2022-Q1,2022-04-27,-0.02681318005810719,-0.03118759679574757,-0.01200485206042982,1,1,1
BA,2022-Q2,2022-07-27,0.006677246936281392,0.05889516282952012,0.03415106792766035,0,0,0
BA,2022-Q3,2022-10-26,0.04996200613120391,0.05420890537996338,0.12051754947213544,0,0,0
BA,2022-Q4,2023-01-25,-0.010755034966672808,-0.014752000079878726,-0.01636924208473812,1,1,1
BYND,2020-Q4,2021-02-25,0.01718740895088712,-0.03946371612678391,-0.036265927202432234,0,1,1
BYND,2021-Q1,2021-05-06,-0.07712839342906516,-0.06736796690594794,-0.1262023446934907,1,1,1
BYND,2021-Q2,2021-08-05,0.015257735874185135,0.03740184899213216,0.013923813183855768,0,0,0
BYND,2021-Q3,2021-11-10,-0.1331558097170711,-0.12104605670611522,-0.1580347539886094,1,1,1
BYND,2021-Q4,2022-02-24,-0.11410472735293561,-0.03616747491446425,-0.0701579535164279,1,1,1
BYND,2022-Q1,2022-05-11,-0.040606589702371236,0.022197854530814153,0.011819022163075479,1,0,0
BYND,2022-Q2,2022-08-04,0.22054952861186614,0.187121008675225,0.15383577185348207,0,0,0
BYND,2022-Q3,2022-11-09,0.14639950702679752,0.2586174347575659,0.16890253142649359,0,0,0
COST,2020-Q1,2019-12-12,-0.018995349683749663,-0.013714127367725114,-0.0240959610223552,1,1,1
COST,2020-Q2,2020-03-05,0.0025332925295490846,0.02627743544739034,0.06596761761880081,0,0,0
COST,2021-Q2,2021-03-04,-0.02378786444929606,-0.028608879069692627,-0.014555645483278683,1,1,1
COST,2021-Q3,2021-05-27,-0.025608239691407342,-0.0203127365542475,-0.007842774914068587,1,1,1
COST,2021-Q4,2021-09-23,0.03141509697366065,0.009353008175898027,0.024104738442299743,0,0,0
COST,2022-Q1,2021-12-09,0.05636589306845099,0.04648196214983644,0.05375930892651407,0,0,0
COST,2022-Q2,2022-03-03,-0.0060391675165124125,0.026483862350472537,0.022859446827946484,1,0,0
COST,2022-Q3,2022-05-26,-0.012140256218170813,-0.027764552729912552,0.011311895720778668,1,1,0
COST,2022-Q4,2022-09-22,-0.025879199854497253,0.010759671937833708,0.01373196575228744,1,0,0
COST,2023-Q1,2022-12-08,0.010793539443530384,-0.00037793645493093553,-0.019689876360434063,0,0,1
CVX,2020-Q4,2021-01-29,-0.002443340546412291,0.012300105441103888,-1.3936767153693852e-05,0,0,0
CVX,2021-Q1,2021-04-30,0.02171033127644292,0.060860005731953826,0.055879407526378856,0,0,0
CVX,2021-Q2,2021-07-30,0.00033012228358846713,-0.01590305295020812,-0.0077011761712035085,0,1,1
CVX,2021-Q3,2021-10-29,-0.0013707521500401696,-0.02483740927474773,-0.018023136303175123,0,1,1
CVX,2021-Q4,2022-01-28,-0.012498561041061567,0.0019050191329344213,0.02507592021246985,1,0,0
CVX,2022-Q1,2022-04-29,0.013639699045484292,0.028293024696370864,0.09108941082147111,0,0,0
CVX,2022-Q2,2022-07-29,-0.017004589230782536,-0.05738138251067207,-0.06550476729633156,1,1,1
CVX,2022-Q3,2022-10-28,0.012335331371594201,0.028150313654419508,0.05168244177711429,0,0,0
ETSY,2020-Q2,2020-08-05,-0.042546457223729156,-0.016321772877076066,-0.11544411193874418,1,1,1
ETSY,2020-Q4,2021-02-25,0.11999222601572228,0.195740079573359,0.017357256811203942,0,0,0
ETSY,2021-Q1,2021-05-05,-0.15367564065790748,-0.09975746106676575,-0.11182545629806845,1,1,1
ETSY,2021-Q2,2021-08-04,-0.10375999494512116,-0.10118870905750013,-0.051211865726467104,1,1,1
ETSY,2021-Q3,2021-11-03,0.12737139356299995,0.07958106678618913,0.039759473860697045,0,0,0
FDX,2019-Q4,2019-06-25,0.026257309834338195,0.044930875842526447,0.0049255243205168844,0,0,0
FDX,2020-Q1,2019-09-17,-0.12979593455327101,-0.13729280039007694,-0.1611568489894097,1,1,1
FDX,2020-Q2,2019-12-17,-0.10035086545515463,-0.10113321744891958,-0.08640942383708018,1,1,1
FDX,2020-Q3,2020-03-17,0.10033798383363751,0.259159653825685,0.29662779486123236,0,0,0
FDX,2020-Q4,2020-06-30,0.11023839596695023,0.08628118378941757,0.1054338357242548,0,0,0
FDX,2021-Q3,2021-03-18,0.06283444954380926,0.014322218665112057,0.041778064511050414,0,0,0
FDX,2021-Q4,2021-06-24,-0.03982985795008684,-0.02278615124581308,-0.02514780690243168,1,1,1
FDX,2022-Q1,2021-09-21,-0.10095977674241723,-0.12459164333154836,-0.11791296639514749,1,1,1
FDX,2022-Q2,2021-12-16,0.06011454053244148,0.06008546920030834,0.05170390137189827,0,0,0
FDX,2022-Q3,2022-03-17,-0.0507370025568786,-0.028667917700230718,-0.03707484568655467,1,1,1
FDX,2022-Q4,2022-06-23,0.03984277636428561,0.05090797146278972,0.0009531611197366378,0,0,0
FDX,2023-Q1,2022-09-22,-0.016958045686958936,-0.0330880066495545,0.016113532611428824,1,1,0
FDX,2023-Q2,2022-12-20,0.01936443874194369,0.06423152635502938,0.06313190920556674,0,0,0
GOOGL,2020-Q3,2020-10-29,0.048468610809358124,0.03868993431647983,0.07067386213109574,0,0,0
GOOGL,2020-Q4,2021-02-02,0.07203881455618491,0.07228626962538193,0.058625801377822584,0,0,0
GOOGL,2021-Q1,2021-04-27,0.02999504735704947,0.027816519223943705,0.011468952492776165,0,0,0
GOOGL,2021-Q2,2021-07-27,0.03220697250425104,0.022568236533337387,0.023404845477661314,0,0,0
GOOGL,2021-Q3,2021-10-26,0.05402507198813896,0.05550503316489029,0.030932274384154655,0,0,0
GOOGL,2021-Q4,2022-02-01,0.06552373676667662,0.050423794610962754,0.017188025491662554,0,0,0
GOOGL,2022-Q1,2022-04-26,-0.03952077680807847,-0.028414956627273554,-0.011764520596710975,1,1,1
GOOGL,2022-Q2,2022-07-26,0.05059039450439956,0.05361914510728941,0.05234181330401863,0,0,0
GOOGL,2022-Q3,2022-10-25,-0.08387095716570822,-0.08903981576803544,-0.13305328945595438,1,1,1
GOOGL,2022-Q4,2023-02-02,-0.016844774998921324,0.002886815722176277,-0.09490509147022397,1,0,1
JNJ,2019-Q2,2019-07-16,0.00197475391189267,-0.00782229347367024,-0.028456944779323836,0,1,1
JNJ,2020-Q4,2021-01-26,0.009189527345035293,-0.007364705177318721,-0.04830472232333721,0,1,1
JNJ,2021-Q1,2021-04-20,-0.008801186679845937,-0.016853830778376246,-0.03280208579188757,1,1,1
JNJ,2021-Q2,2021-07-21,0.0007968883875790855,-0.0008466232125840471,0.00602187974275298,0,0,0
JNJ,2021-Q3,2021-10-19,-0.004477139140949384,-0.0064187281493771784,-0.00033300762467509265,1,0,0
JNJ,2021-Q4,2022-01-25,0.006982853067594257,0.007600038883865293,-0.023146546799485784,0,0,1
JNJ,2022-Q1,2022-04-19,0.005166055627132014,0.03428134645819004,0.07376758494925027,0,0,0
JNJ,2022-Q2,2022-07-19,-0.012081182022035763,-0.0046846030649233435,0.01510852354765987,1,0,0
JNJ,2022-Q3,2022-10-18,-0.0008650297964587095,0.007749669490288656,-0.00884523392243922,0,0,1
JNJ,2022-Q4,2023-01-24,0.006754635443599944,-0.014168516639975629,-0.044745723426994,0,1,1
LULU,2020-Q4,2021-03-30,-0.036788222834932854,-0.08730135681424915,-0.06489351475515334,1,1,1
LULU,2021-Q2,2021-09-08,0.10894064648021547,0.12584268136092047,0.10675894396881937,0,0,0
LULU,2021-Q3,2021-12-09,-0.027018593125256812,-0.04594862169344152,-0.06329602722426542,1,1,1
LULU,2021-Q4,2022-03-29,0.10196802318452569,0.08693044549584496,0.12460380550638031,0,0,0
LULU,2022-Q1,2022-06-02,0.010528667203852518,0.015883890852820028,0.03728832315264238,0,0,0
LULU,2022-Q2,2022-09-01,0.07751675857532493,0.14063446634902646,0.15839208155928378,0,0,0
LULU,2022-Q3,2022-12-08,-0.12101776023941833,-0.14326941990575115,-0.11495703066813516,1,1,1
MA,2020-Q4,2021-01-28,-0.0046194860944596405,0.020734730507178712,0.028368724611843626,1,0,0
MA,2021-Q1,2021-04-29,-0.011143909242007463,-0.022956568847045583,-0.03227507678526458,1,1,1
MA,2021-Q2,2021-07-29,-0.00252503104006758,-0.0556857245921225,-0.04590792523703942,1,1,1
MA,2021-Q3,2021-10-28,0.005447828088220166,-0.021473667708165636,-0.011536008742284564,0,1,1
MA,2021-Q4,2022-01-27,0.06639768352362516,0.06813439883267708,0.07718215287954187,0,0,0
MA,2022-Q1,2022-04-28,-0.0038280183444608998,-0.028822040505313673,-0.03448213196625907,1,1,1
MA,2022-Q2,2022-07-28,-0.010776868322239818,-0.014661098095183296,-0.009676317854577204,1,1,1
MA,2022-Q3,2022-10-27,0.007834071583122992,0.031324879428942735,-0.008331009065520666,0,0,1
MA,2022-Q4,2023-01-26,-0.010807168198107583,-0.021875736009480236,-0.03581890208002352,1,1,1
META,2019-Q2,2019-07-24,-0.014523167794169673,-0.04267355713704945,-0.03765991189638666,1,1,1
META,2020-Q1,2020-04-29,0.06348449200615718,0.08988321618691122,0.1040944635926765,0,0,0
META,2020-Q4,2021-01-27,-0.03483694931832229,-0.042084767263493125,-0.04004477180985564,1,1,1
META,2021-Q1,2021-04-28,0.06660034492563745,0.048490285599342146,0.029742615245151382,0,0,0
META,2021-Q3,2021-10-25,-0.04008571903934106,-0.041889348566326305,-0.005931538444345509,1,1,1
META,2021-Q4,2022-02-02,-0.24039602234402188,-0.2816224574261817,-0.2821492140346129,1,1,1
META,2022-Q1,2022-04-27,0.150676693737281,0.21348833844062734,0.2487384563944359,0,0,0
META,2022-Q2,2022-07-27,-0.06478926141059942,-0.08116760989197118,-0.03803784850297995,1,1,1
MSFT,2021-Q2,2021-01-26,0.02689387123728764,0.0341559780309263,0.0367408012536821,0,0,0
MSFT,2021-Q3,2021-04-27,-0.02799809389194024,-0.036843721790931656,-0.049577691310810475,1,1,1
MSFT,2021-Q4,2021-07-27,-0.0007066454022089336,-0.004549645528449051,-0.002850527904031727,0,0,0
MSFT,2022-Q1,2021-10-26,0.04654439279651618,0.06214696857762701,0.06120432442751467,0,0,0
MSFT,2022-Q2,2022-01-25,0.03100205019076733,0.05131302227057026,0.02772798020041102,0,0,0
MSFT,2022-Q3,2022-04-26,0.04529700606240097,0.03686816350142294,0.04210700872414609,0,0,0
MSFT,2022-Q4,2022-07-26,0.04088551613082715,0.06051043385983399,0.04706319304992981,0,0,0
MSFT,2023-Q1,2022-10-25,-0.06962216392976102,-0.06965595729304663,-0.08868377889547101,1,1,1
MSFT,2023-Q2,2023-01-24,-0.00628296554307248,0.011591936143636915,0.008146920993546497,1,0,0
NFLX,2020-Q4,2021-01-19,0.15470477540367814,0.11518149698122623,0.10632125238340648,0,0,0
NFLX,2021-Q1,2021-04-20,-0.08346524771024874,-0.09118635447511522,-0.09307887968625747,1,1,1
NFLX,2021-Q2,2021-07-20,-0.04089919130356916,-0.050051351180055534,-0.04130323182147454,1,1,1
NFLX,2021-Q3,2021-10-19,-0.025617930642411184,0.03484086087668165,0.034391776357885664,1,0,0
NFLX,2021-Q4,2022-01-20,-0.19827381663761737,-0.2515682050846289,-0.20443637606881054,1,1,1
NFLX,2022-Q1,2022-04-19,-0.3504245310959873,-0.3390803559251133,-0.36585456935470856,1,1,1
NFLX,2022-Q2,2022-07-19,0.06707804416889161,0.08610069403760605,0.06442163705105099,0,0,0
NFLX,2022-Q3,2022-10-18,0.1379508467659515,0.19371915069264628,0.17109687324161155,0,0,0
NFLX,2022-Q4,2023-01-19,0.06598682014829495,0.12241822387016194,0.11400432570241903,0,0,0
NVDA,2020-Q2,2019-08-15,0.057772446423162524,0.10927443637854486,0.125565777654707,0,0,0
NVDA,2021-Q4,2021-02-24,-0.058082252821987486,-0.03974074779384195,-0.09043409784548709,1,1,1
NVDA,2022-Q2,2021-08-18,0.03826249576839256,0.1348580656462357,0.14449378051883013,0,0,0
NVDA,2021-Q3,2021-11-17,0.07910253186022517,0.09331988310384533,0.11386330000824718,0,0,0
NVDA,2022-Q4,2022-02-16,-0.05422989470623843,-0.07959219606637835,-0.06324463260872504,1,1,1
NVDA,2023-Q1,2022-05-25,0.031623881383957664,0.06081319572609096,0.10378688972790917,0,0,0
NVDA,2023-Q2,2022-08-24,0.02600555469513934,-0.055822941943353174,-0.07886538001025148,0,1,1
NVDA,2023-Q3,2022-11-16,-0.011584610205782865,-0.03509693519346713,0.02065280383775121,1,1,0
ORCL,2020-Q1,2019-09-12,-0.0019343318035103885,-0.01769950556754637,-0.0089525340760497,0,1,1
ORCL,2020-Q2,2019-12-12,-0.03530761558988861,-0.07197589290925571,-0.06908633996646055,1,1,1
ORCL,2020-Q3,2020-03-12,0.11878517232737705,0.15848407262589165,0.1630438134876966,0,0,0
ORCL,2021-Q3,2021-03-10,-0.07544655023918266,-0.07840205459613403,-0.10152150419277957,1,1,1
ORCL,2021-Q4,2021-06-15,-0.05027146578706899,-0.04694264273309223,-0.036290126221086384,1,1,1
ORCL,2022-Q1,2021-09-13,-0.02272816619676264,-0.019771060589021342,-0.005633365102109541,1,1,0
ORCL,2022-Q2,2021-12-09,0.14672054207080107,0.13167906334004412,0.1625660415667225,0,0,0
ORCL,2022-Q3,2022-03-10,0.027979446016731684,0.04991114627472874,0.014892015270823768,0,0,0
ORCL,2022-Q4,2022-06-13,0.10715092078174822,0.09502218326541505,0.05216726043574634,0,0,0
ORCL,2023-Q1,2022-09-12,0.029989744877431945,-0.038005289403220045,-0.053247993394490545,0,1,1
ORCL,2023-Q2,2022-12-12,-0.016428109225213136,0.008474778604931704,0.03347922384644526,1,0,0
PFE,2020-Q4,2021-02-02,-0.005073151882938347,-0.018145133335102193,-0.023373721682928367,1,1,1
PFE,2021-Q1,2021-05-04,0.0001882689539781576,-0.01513800640390059,-0.0019204479902619211,0,1,0
PFE,2021-Q2,2021-07-28,-0.010417532037846958,0.02372682273275459,0.04912407028462824,1,0,0
PFE,2021-Q3,2021-11-02,-0.019966516050392888,0.06456115966183722,0.03797519110881333,1,0,0
PFE,2021-Q4,2022-02-08,-0.019084763594343634,0.005445413911089103,-0.026210838259617897,1,0,1
PFE,2022-Q2,2022-07-28,-0.018719333488227224,-0.025208453534313672,-0.03690323765090234,1,1,1
PFE,2022-Q3,2022-11-01,0.005516810773280187,0.013222100703718556,0.0012593352203128577,0,0,0
PFE,2022-Q4,2023-01-31,-0.014930473634609871,-0.016705761653517486,-0.034335361068843946,1,1,1
PTON,2020-Q2,2020-02-05,-0.11651483798606212,-0.1308500347991234,-0.14703290393026378,1,1,1
PTON,2021-Q2,2021-02-04,-0.06252792834988324,-0.07253320383572465,-0.08184939727239486,1,1,1
PTON,2021-Q3,2021-05-06,-0.006919836904655624,0.09789458608529791,0.15835876069676666,1,0,0
PTON,2021-Q4,2021-08-26,-0.094399791928691,-0.13370986498299858,-0.13026302913810353,1,1,1
PTON,2022-Q1,2021-11-04,-0.3569439096080465,-0.41850590173717156,-0.406242416581329,1,1,1
PTON,2022-Q2,2022-02-08,0.0256108023580015,-0.046252419700910694,-0.09712846251891145,0,1,1
PTON,2022-Q3,2022-05-10,-0.02752495570797316,0.2236424892250023,0.18229872500365707,1,0,0
PTON,2022-Q4,2022-08-25,-0.0024816044844995083,-0.07910863554514871,-0.01126291403592631,1,1,1
PTON,2023-Q1,2022-11-03,-0.009039768521663378,-0.003925822905015319,0.0025553318405747844,1,0,0
PTON,2023-Q2,2023-02-01,0.02334047448781897,-0.03247967939410184,-0.05648068176287635,0,1,1
PYPL,2019-Q4,2020-01-29,0.0006978275398029136,0.00636851699472036,0.007125479704427097,0,0,0
PYPL,2020-Q4,2021-02-03,0.06219513251895395,0.09748763812965411,0.10262308709531098,0,0,0
PYPL,2021-Q1,2021-05-05,0.010688679722614416,-0.020505987291528735,-0.005404081334363393,0,1,0
PYPL,2021-Q2,2021-07-28,-0.06643619211787621,-0.0997970213440478,-0.088029662642066,1,1,1
PYPL,2021-Q3,2021-11-08,-0.10130627338199263,-0.10838416396961342,-0.07037816046652012,1,1,1
PYPL,2021-Q4,2022-02-01,-0.25561865932299593,-0.2734386387834986,-0.31148973578987726,1,1,1
PYPL,2022-Q2,2022-08-02,0.07683201206781723,0.050225416055826824,0.046048954423885034,0,0,0
PYPL,2022-Q3,2022-11-03,-0.03228993826836701,0.030208416282333728,0.07007366966304819,1,0,0
ROKU,2020-Q4,2021-02-18,0.033377884201240854,-0.07370317344461697,-0.13449073679849263,0,1,1
ROKU,2021-Q1,2021-05-06,0.10821230800150623,0.11695287080831779,0.11042550734736478,0,0,0
ROKU,2021-Q2,2021-08-04,-0.04639767266783706,-0.06092060322183869,-0.13253264527427788,1,1,1
ROKU,2021-Q3,2021-11-03,-0.08208945834043667,-0.12539536916259125,-0.1221628294523808,1,1,1
ROKU,2021-Q4,2022-02-17,-0.21638435649987017,-0.14758557476250425,-0.03682167721318076,1,1,1
ROKU,2022-Q1,2022-04-28,0.05081568007571892,0.16117119876555175,0.15080840891138517,0,0,0
ROKU,2022-Q2,2022-07-28,-0.2452938834552783,-0.11597271939461384,-0.06562067855247194,1,1,1
ROKU,2022-Q3,2022-11-02,-0.03535844315904185,-0.08626866337156744,-0.11234852745029472,1,1,1
SBUX,2020-Q2,2020-04-28,-0.049434706489655325,-0.05198018151911248,-0.07518979055011968,1,1,1
SBUX,2021-Q1,2021-01-26,-0.04070441222759137,-0.03952125231661843,-0.023201880092550003,1,1,1
SBUX,2021-Q2,2021-04-27,-0.03199832563267401,-0.01376488461517003,-0.013013030040809982,1,1,1
SBUX,2021-Q3,2021-07-27,-0.028313326312826518,-0.0353604196409969,-0.059623439908963884,1,1,1
SBUX,2021-Q4,2021-10-28,-0.06501484719790195,-0.023270394043989454,-0.02792960512975186,1,1,1
SBUX,2022-Q1,2022-02-01,-0.020143651904838553,-0.02868931320410619,-0.034444755371288396,1,1,1
SBUX,2022-Q2,2022-05-03,0.06789222284157394,0.041567666628155586,0.008294439368057495,0,0,0
SBUX,2022-Q3,2022-08-02,0.026868245308363944,0.010873292007581718,0.005436311528393512,0,0,0
SBUX,2022-Q4,2022-11-03,0.07039679135516573,0.0656781593032641,0.07945743660850436,0,0,0
SBUX,2023-Q1,2023-02-02,-0.03380517583259512,-0.017439990750290794,-0.0002828653414865649,1,1,0
SNAP,2019-Q2,2019-07-23,0.18275844077839132,0.1997392424395217,0.13930520921138265,0,0,0
SNAP,2019-Q3,2019-10-22,-0.06148098341600883,-0.011519092892057471,0.03166776082689218,1,1,0
SNAP,2020-Q2,2020-07-21,-0.06793891733629934,-0.09198107423197933,-0.07508829412943804,1,1,1
SNAP,2020-Q4,2021-02-04,0.08747201479851856,0.06648894749161365,0.05552284955068673,0,0,0
SNAP,2021-Q1,2021-04-22,0.06365390651512849,0.04791432185853447,0.0727785835784631,0,0,0
SNAP,2021-Q2,2021-07-22,0.22792083486128706,0.1665341560830091,0.17785459940999757,0,0,0
SNAP,2021-Q3,2021-10-21,-0.2648405878653618,-0.2677731381672048,-0.2862899766737759,1,1,1
SNAP,2021-Q4,2022-02-03,0.5834609980739106,0.5233433951959499,0.6518686200857463,0,0,0
SNAP,2022-Q1,2022-04-21,0.03899614155530953,0.025317323358669732,0.002664561571941757,0,0,0
SNAP,2022-Q2,2022-07-21,-0.3815475797983729,-0.39119912548998576,-0.42681794761119635,1,1,1
SNAP,2022-Q3,2022-10-20,-0.3051169309631635,-0.1636793158896152,-0.15386744625391502,1,1,1
SNAP,2022-Q4,2023-01-31,-0.11356920821619175,-0.06288415013980916,0.03480053417386139,1,1,0
TSLA,2019-Q3,2019-10-23,0.1750583995046705,0.27534749559377236,0.2226798104136383,0,0,0
TSLA,2019-Q4,2020-01-29,0.09971703571002191,0.35019039303762295,0.24546116661276932,0,0,0
TSLA,2020-Q1,2020-04-29,-0.013961970704556083,-0.0162413812265123,0.008160060837882965,1,1,0
TSLA,2020-Q2,2020-07-22,-0.03784490195484597,-0.021978994443085126,-0.053220017762177725,1,1,1
TSLA,2020-Q4,2021-01-27,-0.04184656105533337,-0.033038743444318217,-0.030829829305688516,1,1,1
TSLA,2021-Q1,2021-04-26,-0.04511100044745678,-0.08877123993600843,-0.07361561218484146,1,1,1
TSLA,2021-Q2,2021-07-26,-0.014967317582875445,0.03084122145450014,0.08692659940350221,1,0,0
TSLA,2021-Q3,2021-10-20,0.02996274506870638,0.17677384883672215,0.19534767305790215,0,0,0
TSLA,2021-Q4,2022-01-26,-0.1106036419712058,-0.03887818730688102,-0.08917939131683231,1,1,1
TSLA,2022-Q2,2022-07-20,0.08762152894202044,0.08255242023146592,0.0945011878474763,0,0,0
TSLA,2022-Q3,2022-10-19,-0.058089169689061526,-0.07673599107539852,-0.024979493663407175,1,1,1
TSLA,2022-Q4,2023-01-25,0.09868244726427398,0.1533161676883462,0.22993886880297706,0,0,0
UNH,2020-Q4,2021-01-20,0.010945559641925564,-0.009938871671269417,-0.02618329061143992,0,1,1
UNH,2021-Q1,2021-04-15,-0.0007783038449190398,0.02561448442636611,0.0253995515503112,0,0,0
UNH,2021-Q2,2021-07-15,0.0070104908327028835,-0.008367431037541747,-0.01182235340315196,0,1,1
UNH,2021-Q3,2021-10-14,0.010725319264790454,-0.00883230568131296,0.027083438900331762,0,1,0
UNH,2021-Q4,2022-01-19,0.012105759490129342,0.025823654779006607,0.031821171987106114,0,0,0
UNH,2022-Q1,2022-04-14,-0.0017950458712842707,0.005115827636982196,0.0008866318470882109,0,0,0
UNH,2022-Q2,2022-07-15,-0.01133758858646726,-0.044435891855063886,-0.0416047545341825,1,1,1
UNH,2022-Q3,2022-10-14,-0.008644765531851704,-0.016382503343481805,-0.0064387780797251215,1,1,1
UNH,2022-Q4,2023-01-13,-0.0073399048040399106,0.014100410150177307,-0.013025433500495977,1,0,1
UPS,2020-Q4,2021-02-02,-0.004404451598921585,0.009371427726510909,0.018560426229654235,1,0,0
UPS,2021-Q1,2021-04-27,0.022128658770058256,0.05064810736085219,0.10850156918386844,0,0,0
UPS,2021-Q2,2021-07-27,-0.01572814404708644,-0.01848307706895857,-0.010202855914317792,1,1,1
UPS,2021-Q3,2021-10-26,-0.02244190479675301,-0.028309998440868196,-0.05397797666745954,1,1,1
UPS,2021-Q4,2022-02-01,-0.0035586435275027067,-0.01619278863357387,-0.019360615972932222,1,1,1
UPS,2022-Q1,2022-04-26,0.015488932072445965,-0.006918236013552549,-0.027605533879620756,0,1,1
UPS,2022-Q2,2022-07-26,-0.012910806385142968,0.019616981608062196,0.022179010550910885,1,0,0
UPS,2022-Q3,2022-10-25,0.019450183998378997,-0.009633824880975791,0.003434501941900676,0,1,0
V,2020-Q2,2020-04-30,0.008848344337954173,0.013202354915475903,0.03202101076639283,0,0,0
V,2021-Q1,2021-01-28,-0.005053680744569845,0.011766638390327586,0.032977858192512796,1,0,0
V,2021-Q3,2021-07-27,-0.015491057187745492,-0.016953720172291666,-0.06002942964172343,1,1,1
V,2021-Q4,2021-10-26,-0.06476147103111866,-0.09370509685917187,-0.11086224010457614,1,1,1
V,2022-Q1,2022-01-27,0.08115549570101996,0.07679720377844595,0.08754434585310726,0,0,0
V,2022-Q2,2022-04-26,0.06188224381634942,0.06967427106944235,0.03642290646365576,0,0,0
V,2022-Q3,2022-07-26,-0.03547276045999712,-0.055767775618056674,-0.07324455858945814,1,1,1
V,2022-Q4,2022-10-25,0.05357780400522169,0.06631077156260012,0.06560348685872033,0,0,0
V,2023-Q1,2023-01-26,0.027651913021978714,0.02020166423426553,-0.008138752371347955,0,0,1
WMT,2022-Q1,2021-05-18,0.002692167644317948,-0.008410182570351199,-0.012263150145594499,0,1,1
WMT,2022-Q2,2021-08-17,0.0003278323548651513,0.006508159380261047,-0.020794794857849054,0,0,1
WMT,2022-Q4,2022-02-17,6.692072521109326e-05,0.0069944553617328,-0.01957973003387862,0,0,1
WMT,2023-Q1,2022-05-17,-0.027598712691449735,-0.04672809986802777,-0.019627705100698327,1,1,1
WMT,2023-Q2,2022-08-16,0.008174351800215994,0.0007318882150510568,0.0018463655242264426,0,0,0
WMT,2023-Q3,2022-11-15,0.014817712356513465,0.025096203176655604,0.02528686509656798,0,0,0
XOM,2020-Q4,2021-02-02,0.038442395546570994,0.0785302638404378,0.10561839536708821,0,0,0
XOM,2021-Q1,2021-04-30,0.025446382928820836,0.06887857479765666,0.07912050637164156,0,0,0
XOM,2021-Q2,2021-07-30,0.002272063231533061,-0.01375181833563115,-0.004038857191107327,0,1,0
XOM,2021-Q3,2021-10-29,0.016272573981256692,-0.02028666268974779,-0.01167611250395318,0,1,1
XOM,2021-Q4,2022-02-01,-0.012312423683892777,0.01655843917158486,-0.0026145867838041426,1,0,0
XOM,2022-Q1,2022-04-29,0.007587744283809186,0.03425192061888076,0.07714450019573588,0,0,0
XOM,2022-Q2,2022-07-29,-0.02231482407594262,-0.06694286837054361,-0.09107824478859998,1,1,1
XOM,2022-Q3,2022-10-28,0.008217255483109146,0.0265270217240168,0.04711279199820254,0,0,0
XOM,2022-Q4,2023-01-31,-0.021575438766252147,-0.04969686554590783,-0.030823558534156296,1,1,1
